split,class,filename,path,size_kb
test,A,1762212326052.jpg,/data/Tanulmányok/Képfeldolgozás alap algoritmusai/Féléves feladat/guitar-chord-recognition/data/all/A/1762212326052.jpg,3697.54
test,A,1762212326260.jpg,/data/Tanulmányok/Képfeldolgozás alap algoritmusai/Féléves feladat/guitar-chord-recognition/data/all/A/1762212326260.jpg,3673.71
test,A,1762212326326.jpg,/data/Tanulmányok/Képfeldolgozás alap algoritmusai/Féléves feladat/guitar-chord-recognition/data/all/A/1762212326326.jpg,3856.19
test,A,1762212326478.jpg,/data/Tanulmányok/Képfeldolgozás alap algoritmusai/Féléves feladat/guitar-chord-recognition/data/all/A/1762212326478.jpg,3691.03
test,A,IMG_20251102_023845_1.jpg,/data/Tanulmányok/Képfeldolgozás alap algoritmusai/Féléves feladat/guitar-chord-recognition/data/all/A/IMG_20251102_023845_1.jpg,3768.83
test,B,1762212364116.jpg,/data/Tanulmányok/Képfeldolgozás alap algoritmusai/Féléves feladat/guitar-chord-recognition/data/all/B/1762212364116.jpg,3713.11
test,B,1762212364159.jpg,/data/Tanulmányok/Képfeldolgozás alap algoritmusai/Féléves feladat/guitar-chord-recognition/data/all/B/1762212364159.jpg,3716.01
test,B,1762212364249.jpg,/data/Tanulmányok/Képfeldolgozás alap algoritmusai/Féléves feladat/guitar-chord-recognition/data/all/B/1762212364249.jpg,3705.63
test,B,1762212364296.jpg,/data/Tanulmányok/Képfeldolgozás alap algoritmusai/Féléves feladat/guitar-chord-recognition/data/all/B/1762212364296.jpg,3910.81
test,B,IMG_20251102_024133.jpg,/data/Tanulmányok/Képfeldolgozás alap algoritmusai/Féléves feladat/guitar-chord-recognition/data/all/B/IMG_20251102_024133.jpg,3644.3
test,B,IMG_20251102_024136_1.jpg,/data/Tanulmányok/Képfeldolgozás alap algoritmusai/Féléves feladat/guitar-chord-recognition/data/all/B/IMG_20251102_024136_1.jpg,3708.99
test,B,IMG_20251102_024322.jpg,/data/Tanulmányok/Képfeldolgozás alap algoritmusai/Féléves feladat/guitar-chord-recognition/data/all/B/IMG_20251102_024322.jpg,3765.6
test,B,IMG_20251102_024327_1.jpg,/data/Tanulmányok/Képfeldolgozás alap algoritmusai/Féléves feladat/guitar-chord-recognition/data/all/B/IMG_20251102_024327_1.jpg,3687.36
test,B,IMG_20251102_024337.jpg,/data/Tanulmányok/Képfeldolgozás alap algoritmusai/Féléves feladat/guitar-chord-recognition/data/all/B/IMG_20251102_024337.jpg,3823.47
test,C,1762212395050.jpg,/data/Tanulmányok/Képfeldolgozás alap algoritmusai/Féléves feladat/guitar-chord-recognition/data/all/C/1762212395050.jpg,3912.63
test,C,IMG_20251102_024030_1.jpg,/data/Tanulmányok/Képfeldolgozás alap algoritmusai/Féléves feladat/guitar-chord-recognition/data/all/C/IMG_20251102_024030_1.jpg,3679.07
test,C,IMG_20251102_024033.jpg,/data/Tanulmányok/Képfeldolgozás alap algoritmusai/Féléves feladat/guitar-chord-recognition/data/all/C/IMG_20251102_024033.jpg,3662.61
test,C,IMG_20251102_024034.jpg,/data/Tanulmányok/Képfeldolgozás alap algoritmusai/Féléves feladat/guitar-chord-recognition/data/all/C/IMG_20251102_024034.jpg,3646.71
test,C,IMG_20251102_024035.jpg,/data/Tanulmányok/Képfeldolgozás alap algoritmusai/Féléves feladat/guitar-chord-recognition/data/all/C/IMG_20251102_024035.jpg,3693.94
test,C,IMG_20251102_024042.jpg,/data/Tanulmányok/Képfeldolgozás alap algoritmusai/Féléves feladat/guitar-chord-recognition/data/all/C/IMG_20251102_024042.jpg,3733.52
test,C,IMG_20251102_024044.jpg,/data/Tanulmányok/Képfeldolgozás alap algoritmusai/Féléves feladat/guitar-chord-recognition/data/all/C/IMG_20251102_024044.jpg,3714.23
test,D,1762212432750.jpg,/data/Tanulmányok/Képfeldolgozás alap algoritmusai/Féléves feladat/guitar-chord-recognition/data/all/D/1762212432750.jpg,3826.36
test,D,1762212432809.jpg,/data/Tanulmányok/Képfeldolgozás alap algoritmusai/Féléves feladat/guitar-chord-recognition/data/all/D/1762212432809.jpg,4064.3
test,D,1762212432976.jpg,/data/Tanulmányok/Képfeldolgozás alap algoritmusai/Féléves feladat/guitar-chord-recognition/data/all/D/1762212432976.jpg,3906.48
test,D,1762212433092.jpg,/data/Tanulmányok/Képfeldolgozás alap algoritmusai/Féléves feladat/guitar-chord-recognition/data/all/D/1762212433092.jpg,3941.95
test,D,IMG_20251102_023945.jpg,/data/Tanulmányok/Képfeldolgozás alap algoritmusai/Féléves feladat/guitar-chord-recognition/data/all/D/IMG_20251102_023945.jpg,3768.29
test,D,IMG_20251102_023947.jpg,/data/Tanulmányok/Képfeldolgozás alap algoritmusai/Féléves feladat/guitar-chord-recognition/data/all/D/IMG_20251102_023947.jpg,3687.97
test,D,IMG_20251102_023948.jpg,/data/Tanulmányok/Képfeldolgozás alap algoritmusai/Féléves feladat/guitar-chord-recognition/data/all/D/IMG_20251102_023948.jpg,3779.48
test,E,1762212477647.jpg,/data/Tanulmányok/Képfeldolgozás alap algoritmusai/Féléves feladat/guitar-chord-recognition/data/all/E/1762212477647.jpg,3778.65
test,E,1762212477725.jpg,/data/Tanulmányok/Képfeldolgozás alap algoritmusai/Féléves feladat/guitar-chord-recognition/data/all/E/1762212477725.jpg,3753.6
test,E,1762212477892.jpg,/data/Tanulmányok/Képfeldolgozás alap algoritmusai/Féléves feladat/guitar-chord-recognition/data/all/E/1762212477892.jpg,4011.45
test,E,IMG_20251102_023649.jpg,/data/Tanulmányok/Képfeldolgozás alap algoritmusai/Féléves feladat/guitar-chord-recognition/data/all/E/IMG_20251102_023649.jpg,3777.4
test,F,1762212513538.jpg,/data/Tanulmányok/Képfeldolgozás alap algoritmusai/Féléves feladat/guitar-chord-recognition/data/all/F/1762212513538.jpg,3802.85
test,F,1762212513575.jpg,/data/Tanulmányok/Képfeldolgozás alap algoritmusai/Féléves feladat/guitar-chord-recognition/data/all/F/1762212513575.jpg,3742.95
test,F,1762212513621.jpg,/data/Tanulmányok/Képfeldolgozás alap algoritmusai/Féléves feladat/guitar-chord-recognition/data/all/F/1762212513621.jpg,3773.03
test,F,1762212513666.jpg,/data/Tanulmányok/Képfeldolgozás alap algoritmusai/Féléves feladat/guitar-chord-recognition/data/all/F/1762212513666.jpg,3749.7
test,F,1762212513752.jpg,/data/Tanulmányok/Képfeldolgozás alap algoritmusai/Féléves feladat/guitar-chord-recognition/data/all/F/1762212513752.jpg,3997.22
test,F,IMG_20251102_023914.jpg,/data/Tanulmányok/Képfeldolgozás alap algoritmusai/Féléves feladat/guitar-chord-recognition/data/all/F/IMG_20251102_023914.jpg,3711.76
test,F,IMG_20251102_023927.jpg,/data/Tanulmányok/Képfeldolgozás alap algoritmusai/Féléves feladat/guitar-chord-recognition/data/all/F/IMG_20251102_023927.jpg,3506.18
test,G,1762212557623.jpg,/data/Tanulmányok/Képfeldolgozás alap algoritmusai/Féléves feladat/guitar-chord-recognition/data/all/G/1762212557623.jpg,3870.63
test,G,1762212557971.jpg,/data/Tanulmányok/Képfeldolgozás alap algoritmusai/Féléves feladat/guitar-chord-recognition/data/all/G/1762212557971.jpg,3903.81
test,G,1762212558044.jpg,/data/Tanulmányok/Képfeldolgozás alap algoritmusai/Féléves feladat/guitar-chord-recognition/data/all/G/1762212558044.jpg,3860.02
test,G,1762212558198.jpg,/data/Tanulmányok/Képfeldolgozás alap algoritmusai/Féléves feladat/guitar-chord-recognition/data/all/G/1762212558198.jpg,3734.63
test,No hand,IMG_20251102_023817.jpg,/data/Tanulmányok/Képfeldolgozás alap algoritmusai/Féléves feladat/guitar-chord-recognition/data/all/No hand/IMG_20251102_023817.jpg,3713.7
test,No hand,IMG_20251102_023831.jpg,/data/Tanulmányok/Képfeldolgozás alap algoritmusai/Féléves feladat/guitar-chord-recognition/data/all/No hand/IMG_20251102_023831.jpg,4514.29
train,A,1762212326034.jpg,/data/Tanulmányok/Képfeldolgozás alap algoritmusai/Féléves feladat/guitar-chord-recognition/data/all/A/1762212326034.jpg,3669.88
train,A,1762212326074.jpg,/data/Tanulmányok/Képfeldolgozás alap algoritmusai/Féléves feladat/guitar-chord-recognition/data/all/A/1762212326074.jpg,3782.17
train,A,1762212326103.jpg,/data/Tanulmányok/Képfeldolgozás alap algoritmusai/Féléves feladat/guitar-chord-recognition/data/all/A/1762212326103.jpg,3763.51
train,A,1762212326133.jpg,/data/Tanulmányok/Képfeldolgozás alap algoritmusai/Féléves feladat/guitar-chord-recognition/data/all/A/1762212326133.jpg,3753.13
train,A,1762212326155.jpg,/data/Tanulmányok/Képfeldolgozás alap algoritmusai/Féléves feladat/guitar-chord-recognition/data/all/A/1762212326155.jpg,3885.24
train,A,1762212326173.jpg,/data/Tanulmányok/Képfeldolgozás alap algoritmusai/Féléves feladat/guitar-chord-recognition/data/all/A/1762212326173.jpg,4086.08
train,A,1762212326193.jpg,/data/Tanulmányok/Képfeldolgozás alap algoritmusai/Féléves feladat/guitar-chord-recognition/data/all/A/1762212326193.jpg,4418.82
train,A,1762212326234.jpg,/data/Tanulmányok/Képfeldolgozás alap algoritmusai/Féléves feladat/guitar-chord-recognition/data/all/A/1762212326234.jpg,3813.49
train,A,1762212326293.jpg,/data/Tanulmányok/Képfeldolgozás alap algoritmusai/Féléves feladat/guitar-chord-recognition/data/all/A/1762212326293.jpg,3792.32
train,A,1762212326347.jpg,/data/Tanulmányok/Képfeldolgozás alap algoritmusai/Féléves feladat/guitar-chord-recognition/data/all/A/1762212326347.jpg,3780.69
train,A,1762212326380.jpg,/data/Tanulmányok/Képfeldolgozás alap algoritmusai/Féléves feladat/guitar-chord-recognition/data/all/A/1762212326380.jpg,3729.56
train,A,1762212326435.jpg,/data/Tanulmányok/Képfeldolgozás alap algoritmusai/Féléves feladat/guitar-chord-recognition/data/all/A/1762212326435.jpg,3675.23
train,A,1762212326513.jpg,/data/Tanulmányok/Képfeldolgozás alap algoritmusai/Féléves feladat/guitar-chord-recognition/data/all/A/1762212326513.jpg,3627.36
train,A,IMG_20251102_023846.jpg,/data/Tanulmányok/Képfeldolgozás alap algoritmusai/Féléves feladat/guitar-chord-recognition/data/all/A/IMG_20251102_023846.jpg,3682.23
train,A,IMG_20251102_023847_1.jpg,/data/Tanulmányok/Képfeldolgozás alap algoritmusai/Féléves feladat/guitar-chord-recognition/data/all/A/IMG_20251102_023847_1.jpg,3601.91
train,A,IMG_20251102_023848.jpg,/data/Tanulmányok/Képfeldolgozás alap algoritmusai/Féléves feladat/guitar-chord-recognition/data/all/A/IMG_20251102_023848.jpg,3629.86
train,A,IMG_20251102_023849.jpg,/data/Tanulmányok/Képfeldolgozás alap algoritmusai/Féléves feladat/guitar-chord-recognition/data/all/A/IMG_20251102_023849.jpg,3600.94
train,A,IMG_20251102_023850.jpg,/data/Tanulmányok/Képfeldolgozás alap algoritmusai/Féléves feladat/guitar-chord-recognition/data/all/A/IMG_20251102_023850.jpg,3638.71
train,A,IMG_20251102_023851.jpg,/data/Tanulmányok/Képfeldolgozás alap algoritmusai/Féléves feladat/guitar-chord-recognition/data/all/A/IMG_20251102_023851.jpg,3695.57
train,A,IMG_20251102_023852.jpg,/data/Tanulmányok/Képfeldolgozás alap algoritmusai/Féléves feladat/guitar-chord-recognition/data/all/A/IMG_20251102_023852.jpg,3720.32
train,A,IMG_20251102_023853.jpg,/data/Tanulmányok/Képfeldolgozás alap algoritmusai/Féléves feladat/guitar-chord-recognition/data/all/A/IMG_20251102_023853.jpg,3585.52
train,A,IMG_20251102_023853_1.jpg,/data/Tanulmányok/Képfeldolgozás alap algoritmusai/Féléves feladat/guitar-chord-recognition/data/all/A/IMG_20251102_023853_1.jpg,3843.94
train,A,IMG_20251102_023854.jpg,/data/Tanulmányok/Képfeldolgozás alap algoritmusai/Féléves feladat/guitar-chord-recognition/data/all/A/IMG_20251102_023854.jpg,3893.01
train,B,1762212364065.jpg,/data/Tanulmányok/Képfeldolgozás alap algoritmusai/Féléves feladat/guitar-chord-recognition/data/all/B/1762212364065.jpg,3757.55
train,B,1762212364084.jpg,/data/Tanulmányok/Képfeldolgozás alap algoritmusai/Féléves feladat/guitar-chord-recognition/data/all/B/1762212364084.jpg,3753.77
train,B,1762212364099.jpg,/data/Tanulmányok/Képfeldolgozás alap algoritmusai/Féléves feladat/guitar-chord-recognition/data/all/B/1762212364099.jpg,3776.02
train,B,1762212364133.jpg,/data/Tanulmányok/Képfeldolgozás alap algoritmusai/Féléves feladat/guitar-chord-recognition/data/all/B/1762212364133.jpg,3790.99
train,B,1762212364186.jpg,/data/Tanulmányok/Képfeldolgozás alap algoritmusai/Féléves feladat/guitar-chord-recognition/data/all/B/1762212364186.jpg,3692.05
train,B,1762212364206.jpg,/data/Tanulmányok/Képfeldolgozás alap algoritmusai/Féléves feladat/guitar-chord-recognition/data/all/B/1762212364206.jpg,3668.7
train,B,1762212364232.jpg,/data/Tanulmányok/Képfeldolgozás alap algoritmusai/Féléves feladat/guitar-chord-recognition/data/all/B/1762212364232.jpg,3658.98
train,B,1762212364343.jpg,/data/Tanulmányok/Képfeldolgozás alap algoritmusai/Féléves feladat/guitar-chord-recognition/data/all/B/1762212364343.jpg,3944.01
train,B,1762212364363.jpg,/data/Tanulmányok/Képfeldolgozás alap algoritmusai/Féléves feladat/guitar-chord-recognition/data/all/B/1762212364363.jpg,3895.59
train,B,1762212364497.jpg,/data/Tanulmányok/Képfeldolgozás alap algoritmusai/Féléves feladat/guitar-chord-recognition/data/all/B/1762212364497.jpg,4013.0
train,B,1762212364514.jpg,/data/Tanulmányok/Képfeldolgozás alap algoritmusai/Féléves feladat/guitar-chord-recognition/data/all/B/1762212364514.jpg,4330.14
train,B,IMG_20251102_024129.jpg,/data/Tanulmányok/Képfeldolgozás alap algoritmusai/Féléves feladat/guitar-chord-recognition/data/all/B/IMG_20251102_024129.jpg,3594.53
train,B,IMG_20251102_024129_1.jpg,/data/Tanulmányok/Képfeldolgozás alap algoritmusai/Féléves feladat/guitar-chord-recognition/data/all/B/IMG_20251102_024129_1.jpg,3569.4
train,B,IMG_20251102_024130.jpg,/data/Tanulmányok/Képfeldolgozás alap algoritmusai/Féléves feladat/guitar-chord-recognition/data/all/B/IMG_20251102_024130.jpg,3526.56
train,B,IMG_20251102_024131.jpg,/data/Tanulmányok/Képfeldolgozás alap algoritmusai/Féléves feladat/guitar-chord-recognition/data/all/B/IMG_20251102_024131.jpg,3632.49
train,B,IMG_20251102_024132.jpg,/data/Tanulmányok/Képfeldolgozás alap algoritmusai/Féléves feladat/guitar-chord-recognition/data/all/B/IMG_20251102_024132.jpg,3651.26
train,B,IMG_20251102_024134.jpg,/data/Tanulmányok/Képfeldolgozás alap algoritmusai/Féléves feladat/guitar-chord-recognition/data/all/B/IMG_20251102_024134.jpg,3699.01
train,B,IMG_20251102_024134_1.jpg,/data/Tanulmányok/Képfeldolgozás alap algoritmusai/Féléves feladat/guitar-chord-recognition/data/all/B/IMG_20251102_024134_1.jpg,3661.71
train,B,IMG_20251102_024136.jpg,/data/Tanulmányok/Képfeldolgozás alap algoritmusai/Féléves feladat/guitar-chord-recognition/data/all/B/IMG_20251102_024136.jpg,3690.44
train,B,IMG_20251102_024323_1.jpg,/data/Tanulmányok/Képfeldolgozás alap algoritmusai/Féléves feladat/guitar-chord-recognition/data/all/B/IMG_20251102_024323_1.jpg,3942.3
train,B,IMG_20251102_024324.jpg,/data/Tanulmányok/Képfeldolgozás alap algoritmusai/Féléves feladat/guitar-chord-recognition/data/all/B/IMG_20251102_024324.jpg,4249.11
train,B,IMG_20251102_024325.jpg,/data/Tanulmányok/Képfeldolgozás alap algoritmusai/Féléves feladat/guitar-chord-recognition/data/all/B/IMG_20251102_024325.jpg,3952.31
train,B,IMG_20251102_024325_1.jpg,/data/Tanulmányok/Képfeldolgozás alap algoritmusai/Féléves feladat/guitar-chord-recognition/data/all/B/IMG_20251102_024325_1.jpg,3740.69
train,B,IMG_20251102_024326.jpg,/data/Tanulmányok/Képfeldolgozás alap algoritmusai/Féléves feladat/guitar-chord-recognition/data/all/B/IMG_20251102_024326.jpg,3628.34
train,B,IMG_20251102_024327.jpg,/data/Tanulmányok/Képfeldolgozás alap algoritmusai/Féléves feladat/guitar-chord-recognition/data/all/B/IMG_20251102_024327.jpg,3665.73
train,B,IMG_20251102_024328_1.jpg,/data/Tanulmányok/Képfeldolgozás alap algoritmusai/Féléves feladat/guitar-chord-recognition/data/all/B/IMG_20251102_024328_1.jpg,4012.58
train,B,IMG_20251102_024329.jpg,/data/Tanulmányok/Képfeldolgozás alap algoritmusai/Féléves feladat/guitar-chord-recognition/data/all/B/IMG_20251102_024329.jpg,3753.62
train,B,IMG_20251102_024330.jpg,/data/Tanulmányok/Képfeldolgozás alap algoritmusai/Féléves feladat/guitar-chord-recognition/data/all/B/IMG_20251102_024330.jpg,3697.35
train,B,IMG_20251102_024330_1.jpg,/data/Tanulmányok/Képfeldolgozás alap algoritmusai/Féléves feladat/guitar-chord-recognition/data/all/B/IMG_20251102_024330_1.jpg,3736.34
train,B,IMG_20251102_024331.jpg,/data/Tanulmányok/Képfeldolgozás alap algoritmusai/Féléves feladat/guitar-chord-recognition/data/all/B/IMG_20251102_024331.jpg,3714.96
train,B,IMG_20251102_024331_1.jpg,/data/Tanulmányok/Képfeldolgozás alap algoritmusai/Féléves feladat/guitar-chord-recognition/data/all/B/IMG_20251102_024331_1.jpg,3717.79
train,B,IMG_20251102_024332.jpg,/data/Tanulmányok/Képfeldolgozás alap algoritmusai/Féléves feladat/guitar-chord-recognition/data/all/B/IMG_20251102_024332.jpg,3761.83
train,B,IMG_20251102_024333.jpg,/data/Tanulmányok/Képfeldolgozás alap algoritmusai/Féléves feladat/guitar-chord-recognition/data/all/B/IMG_20251102_024333.jpg,3766.78
train,B,IMG_20251102_024333_1.jpg,/data/Tanulmányok/Képfeldolgozás alap algoritmusai/Féléves feladat/guitar-chord-recognition/data/all/B/IMG_20251102_024333_1.jpg,3701.45
train,B,IMG_20251102_024334.jpg,/data/Tanulmányok/Képfeldolgozás alap algoritmusai/Féléves feladat/guitar-chord-recognition/data/all/B/IMG_20251102_024334.jpg,3717.67
train,B,IMG_20251102_024335.jpg,/data/Tanulmányok/Képfeldolgozás alap algoritmusai/Féléves feladat/guitar-chord-recognition/data/all/B/IMG_20251102_024335.jpg,3770.77
train,B,IMG_20251102_024335_1.jpg,/data/Tanulmányok/Képfeldolgozás alap algoritmusai/Féléves feladat/guitar-chord-recognition/data/all/B/IMG_20251102_024335_1.jpg,3877.99
train,B,IMG_20251102_024336.jpg,/data/Tanulmányok/Képfeldolgozás alap algoritmusai/Féléves feladat/guitar-chord-recognition/data/all/B/IMG_20251102_024336.jpg,3744.21
train,B,IMG_20251102_024337_1.jpg,/data/Tanulmányok/Képfeldolgozás alap algoritmusai/Féléves feladat/guitar-chord-recognition/data/all/B/IMG_20251102_024337_1.jpg,3800.55
train,C,1762212394759.jpg,/data/Tanulmányok/Képfeldolgozás alap algoritmusai/Féléves feladat/guitar-chord-recognition/data/all/C/1762212394759.jpg,3745.82
train,C,1762212394778.jpg,/data/Tanulmányok/Képfeldolgozás alap algoritmusai/Féléves feladat/guitar-chord-recognition/data/all/C/1762212394778.jpg,3783.79
train,C,1762212394823.jpg,/data/Tanulmányok/Képfeldolgozás alap algoritmusai/Féléves feladat/guitar-chord-recognition/data/all/C/1762212394823.jpg,3845.69
train,C,1762212394850.jpg,/data/Tanulmányok/Képfeldolgozás alap algoritmusai/Féléves feladat/guitar-chord-recognition/data/all/C/1762212394850.jpg,3808.56
train,C,1762212394873.jpg,/data/Tanulmányok/Képfeldolgozás alap algoritmusai/Féléves feladat/guitar-chord-recognition/data/all/C/1762212394873.jpg,3677.36
train,C,1762212394899.jpg,/data/Tanulmányok/Képfeldolgozás alap algoritmusai/Féléves feladat/guitar-chord-recognition/data/all/C/1762212394899.jpg,3713.18
train,C,1762212394923.jpg,/data/Tanulmányok/Képfeldolgozás alap algoritmusai/Féléves feladat/guitar-chord-recognition/data/all/C/1762212394923.jpg,3853.06
train,C,1762212394947.jpg,/data/Tanulmányok/Képfeldolgozás alap algoritmusai/Féléves feladat/guitar-chord-recognition/data/all/C/1762212394947.jpg,3851.07
train,C,1762212394960.jpg,/data/Tanulmányok/Képfeldolgozás alap algoritmusai/Féléves feladat/guitar-chord-recognition/data/all/C/1762212394960.jpg,4074.53
train,C,1762212395008.jpg,/data/Tanulmányok/Képfeldolgozás alap algoritmusai/Féléves feladat/guitar-chord-recognition/data/all/C/1762212395008.jpg,3770.11
train,C,1762212395075.jpg,/data/Tanulmányok/Képfeldolgozás alap algoritmusai/Féléves feladat/guitar-chord-recognition/data/all/C/1762212395075.jpg,3892.7
train,C,1762212395110.jpg,/data/Tanulmányok/Képfeldolgozás alap algoritmusai/Féléves feladat/guitar-chord-recognition/data/all/C/1762212395110.jpg,3833.05
train,C,1762212395149.jpg,/data/Tanulmányok/Képfeldolgozás alap algoritmusai/Féléves feladat/guitar-chord-recognition/data/all/C/1762212395149.jpg,3712.85
train,C,1762212395194.jpg,/data/Tanulmányok/Képfeldolgozás alap algoritmusai/Féléves feladat/guitar-chord-recognition/data/all/C/1762212395194.jpg,3787.29
train,C,1762212395208.jpg,/data/Tanulmányok/Képfeldolgozás alap algoritmusai/Féléves feladat/guitar-chord-recognition/data/all/C/1762212395208.jpg,3713.97
train,C,IMG_20251102_024024.jpg,/data/Tanulmányok/Képfeldolgozás alap algoritmusai/Féléves feladat/guitar-chord-recognition/data/all/C/IMG_20251102_024024.jpg,3607.94
train,C,IMG_20251102_024025.jpg,/data/Tanulmányok/Képfeldolgozás alap algoritmusai/Féléves feladat/guitar-chord-recognition/data/all/C/IMG_20251102_024025.jpg,3594.52
train,C,IMG_20251102_024026.jpg,/data/Tanulmányok/Képfeldolgozás alap algoritmusai/Féléves feladat/guitar-chord-recognition/data/all/C/IMG_20251102_024026.jpg,3797.21
train,C,IMG_20251102_024028_1.jpg,/data/Tanulmányok/Képfeldolgozás alap algoritmusai/Féléves feladat/guitar-chord-recognition/data/all/C/IMG_20251102_024028_1.jpg,3602.21
train,C,IMG_20251102_024030.jpg,/data/Tanulmányok/Képfeldolgozás alap algoritmusai/Féléves feladat/guitar-chord-recognition/data/all/C/IMG_20251102_024030.jpg,3693.57
train,C,IMG_20251102_024031.jpg,/data/Tanulmányok/Képfeldolgozás alap algoritmusai/Féléves feladat/guitar-chord-recognition/data/all/C/IMG_20251102_024031.jpg,3727.93
train,C,IMG_20251102_024031_1.jpg,/data/Tanulmányok/Képfeldolgozás alap algoritmusai/Féléves feladat/guitar-chord-recognition/data/all/C/IMG_20251102_024031_1.jpg,3646.31
train,C,IMG_20251102_024032.jpg,/data/Tanulmányok/Képfeldolgozás alap algoritmusai/Féléves feladat/guitar-chord-recognition/data/all/C/IMG_20251102_024032.jpg,3712.74
train,C,IMG_20251102_024034_1.jpg,/data/Tanulmányok/Képfeldolgozás alap algoritmusai/Féléves feladat/guitar-chord-recognition/data/all/C/IMG_20251102_024034_1.jpg,3692.38
train,C,IMG_20251102_024036.jpg,/data/Tanulmányok/Képfeldolgozás alap algoritmusai/Féléves feladat/guitar-chord-recognition/data/all/C/IMG_20251102_024036.jpg,3712.35
train,C,IMG_20251102_024036_1.jpg,/data/Tanulmányok/Képfeldolgozás alap algoritmusai/Féléves feladat/guitar-chord-recognition/data/all/C/IMG_20251102_024036_1.jpg,3604.43
train,C,IMG_20251102_024037.jpg,/data/Tanulmányok/Képfeldolgozás alap algoritmusai/Féléves feladat/guitar-chord-recognition/data/all/C/IMG_20251102_024037.jpg,3744.85
train,C,IMG_20251102_024038.jpg,/data/Tanulmányok/Képfeldolgozás alap algoritmusai/Féléves feladat/guitar-chord-recognition/data/all/C/IMG_20251102_024038.jpg,3763.01
train,C,IMG_20251102_024039.jpg,/data/Tanulmányok/Képfeldolgozás alap algoritmusai/Féléves feladat/guitar-chord-recognition/data/all/C/IMG_20251102_024039.jpg,3710.81
train,C,IMG_20251102_024040.jpg,/data/Tanulmányok/Képfeldolgozás alap algoritmusai/Féléves feladat/guitar-chord-recognition/data/all/C/IMG_20251102_024040.jpg,3704.86
train,C,IMG_20251102_024040_1.jpg,/data/Tanulmányok/Képfeldolgozás alap algoritmusai/Féléves feladat/guitar-chord-recognition/data/all/C/IMG_20251102_024040_1.jpg,3728.68
train,C,IMG_20251102_024041.jpg,/data/Tanulmányok/Képfeldolgozás alap algoritmusai/Féléves feladat/guitar-chord-recognition/data/all/C/IMG_20251102_024041.jpg,3736.56
train,C,IMG_20251102_024043_1.jpg,/data/Tanulmányok/Képfeldolgozás alap algoritmusai/Féléves feladat/guitar-chord-recognition/data/all/C/IMG_20251102_024043_1.jpg,3773.44
train,D,1762212432627.jpg,/data/Tanulmányok/Képfeldolgozás alap algoritmusai/Féléves feladat/guitar-chord-recognition/data/all/D/1762212432627.jpg,3687.25
train,D,1762212432650.jpg,/data/Tanulmányok/Képfeldolgozás alap algoritmusai/Féléves feladat/guitar-chord-recognition/data/all/D/1762212432650.jpg,3810.07
train,D,1762212432675.jpg,/data/Tanulmányok/Képfeldolgozás alap algoritmusai/Féléves feladat/guitar-chord-recognition/data/all/D/1762212432675.jpg,4000.86
train,D,1762212432692.jpg,/data/Tanulmányok/Képfeldolgozás alap algoritmusai/Féléves feladat/guitar-chord-recognition/data/all/D/1762212432692.jpg,4068.97
train,D,1762212432712.jpg,/data/Tanulmányok/Képfeldolgozás alap algoritmusai/Féléves feladat/guitar-chord-recognition/data/all/D/1762212432712.jpg,3935.03
train,D,1762212432733.jpg,/data/Tanulmányok/Képfeldolgozás alap algoritmusai/Féléves feladat/guitar-chord-recognition/data/all/D/1762212432733.jpg,3859.45
train,D,1762212432774.jpg,/data/Tanulmányok/Képfeldolgozás alap algoritmusai/Féléves feladat/guitar-chord-recognition/data/all/D/1762212432774.jpg,3861.32
train,D,1762212432833.jpg,/data/Tanulmányok/Képfeldolgozás alap algoritmusai/Féléves feladat/guitar-chord-recognition/data/all/D/1762212432833.jpg,4044.81
train,D,1762212432850.jpg,/data/Tanulmányok/Képfeldolgozás alap algoritmusai/Féléves feladat/guitar-chord-recognition/data/all/D/1762212432850.jpg,4140.86
train,D,1762212432879.jpg,/data/Tanulmányok/Képfeldolgozás alap algoritmusai/Féléves feladat/guitar-chord-recognition/data/all/D/1762212432879.jpg,4091.68
train,D,1762212432904.jpg,/data/Tanulmányok/Képfeldolgozás alap algoritmusai/Féléves feladat/guitar-chord-recognition/data/all/D/1762212432904.jpg,4400.05
train,D,1762212432929.jpg,/data/Tanulmányok/Képfeldolgozás alap algoritmusai/Féléves feladat/guitar-chord-recognition/data/all/D/1762212432929.jpg,3666.92
train,D,1762212432956.jpg,/data/Tanulmányok/Képfeldolgozás alap algoritmusai/Féléves feladat/guitar-chord-recognition/data/all/D/1762212432956.jpg,3868.07
train,D,1762212432998.jpg,/data/Tanulmányok/Képfeldolgozás alap algoritmusai/Féléves feladat/guitar-chord-recognition/data/all/D/1762212432998.jpg,3852.92
train,D,1762212433027.jpg,/data/Tanulmányok/Képfeldolgozás alap algoritmusai/Féléves feladat/guitar-chord-recognition/data/all/D/1762212433027.jpg,3948.33
train,D,1762212433050.jpg,/data/Tanulmányok/Képfeldolgozás alap algoritmusai/Féléves feladat/guitar-chord-recognition/data/all/D/1762212433050.jpg,3913.44
train,D,1762212433074.jpg,/data/Tanulmányok/Képfeldolgozás alap algoritmusai/Féléves feladat/guitar-chord-recognition/data/all/D/1762212433074.jpg,3995.68
train,D,1762212433109.jpg,/data/Tanulmányok/Képfeldolgozás alap algoritmusai/Féléves feladat/guitar-chord-recognition/data/all/D/1762212433109.jpg,3942.98
train,D,1762212433134.jpg,/data/Tanulmányok/Képfeldolgozás alap algoritmusai/Féléves feladat/guitar-chord-recognition/data/all/D/1762212433134.jpg,3771.17
train,D,1762212433193.jpg,/data/Tanulmányok/Képfeldolgozás alap algoritmusai/Féléves feladat/guitar-chord-recognition/data/all/D/1762212433193.jpg,3991.98
train,D,1762212433219.jpg,/data/Tanulmányok/Képfeldolgozás alap algoritmusai/Féléves feladat/guitar-chord-recognition/data/all/D/1762212433219.jpg,3937.23
train,D,IMG_20251102_023946.jpg,/data/Tanulmányok/Képfeldolgozás alap algoritmusai/Féléves feladat/guitar-chord-recognition/data/all/D/IMG_20251102_023946.jpg,3699.23
train,D,IMG_20251102_023947_1.jpg,/data/Tanulmányok/Képfeldolgozás alap algoritmusai/Féléves feladat/guitar-chord-recognition/data/all/D/IMG_20251102_023947_1.jpg,3820.35
train,D,IMG_20251102_023949.jpg,/data/Tanulmányok/Képfeldolgozás alap algoritmusai/Féléves feladat/guitar-chord-recognition/data/all/D/IMG_20251102_023949.jpg,3728.92
train,D,IMG_20251102_023949_1.jpg,/data/Tanulmányok/Képfeldolgozás alap algoritmusai/Féléves feladat/guitar-chord-recognition/data/all/D/IMG_20251102_023949_1.jpg,3633.25
train,D,IMG_20251102_023950.jpg,/data/Tanulmányok/Képfeldolgozás alap algoritmusai/Féléves feladat/guitar-chord-recognition/data/all/D/IMG_20251102_023950.jpg,3619.83
train,D,IMG_20251102_023951.jpg,/data/Tanulmányok/Képfeldolgozás alap algoritmusai/Féléves feladat/guitar-chord-recognition/data/all/D/IMG_20251102_023951.jpg,3637.05
train,D,IMG_20251102_023952.jpg,/data/Tanulmányok/Képfeldolgozás alap algoritmusai/Féléves feladat/guitar-chord-recognition/data/all/D/IMG_20251102_023952.jpg,3729.57
train,D,IMG_20251102_023953.jpg,/data/Tanulmányok/Képfeldolgozás alap algoritmusai/Féléves feladat/guitar-chord-recognition/data/all/D/IMG_20251102_023953.jpg,3659.22
train,D,IMG_20251102_023953_1.jpg,/data/Tanulmányok/Képfeldolgozás alap algoritmusai/Féléves feladat/guitar-chord-recognition/data/all/D/IMG_20251102_023953_1.jpg,3672.17
train,D,IMG_20251102_023955.jpg,/data/Tanulmányok/Képfeldolgozás alap algoritmusai/Féléves feladat/guitar-chord-recognition/data/all/D/IMG_20251102_023955.jpg,3596.0
train,E,1762212477632.jpg,/data/Tanulmányok/Képfeldolgozás alap algoritmusai/Féléves feladat/guitar-chord-recognition/data/all/E/1762212477632.jpg,3762.79
train,E,1762212477661.jpg,/data/Tanulmányok/Képfeldolgozás alap algoritmusai/Féléves feladat/guitar-chord-recognition/data/all/E/1762212477661.jpg,3759.29
train,E,1762212477674.jpg,/data/Tanulmányok/Képfeldolgozás alap algoritmusai/Féléves feladat/guitar-chord-recognition/data/all/E/1762212477674.jpg,3830.26
train,E,1762212477691.jpg,/data/Tanulmányok/Képfeldolgozás alap algoritmusai/Féléves feladat/guitar-chord-recognition/data/all/E/1762212477691.jpg,3771.42
train,E,1762212477745.jpg,/data/Tanulmányok/Képfeldolgozás alap algoritmusai/Féléves feladat/guitar-chord-recognition/data/all/E/1762212477745.jpg,3791.55
train,E,1762212477764.jpg,/data/Tanulmányok/Képfeldolgozás alap algoritmusai/Féléves feladat/guitar-chord-recognition/data/all/E/1762212477764.jpg,3737.89
train,E,1762212477782.jpg,/data/Tanulmányok/Képfeldolgozás alap algoritmusai/Féléves feladat/guitar-chord-recognition/data/all/E/1762212477782.jpg,3816.93
train,E,1762212477827.jpg,/data/Tanulmányok/Képfeldolgozás alap algoritmusai/Féléves feladat/guitar-chord-recognition/data/all/E/1762212477827.jpg,3785.62
train,E,1762212477844.jpg,/data/Tanulmányok/Képfeldolgozás alap algoritmusai/Féléves feladat/guitar-chord-recognition/data/all/E/1762212477844.jpg,3864.77
train,E,1762212477871.jpg,/data/Tanulmányok/Képfeldolgozás alap algoritmusai/Féléves feladat/guitar-chord-recognition/data/all/E/1762212477871.jpg,3780.36
train,E,1762212477909.jpg,/data/Tanulmányok/Képfeldolgozás alap algoritmusai/Féléves feladat/guitar-chord-recognition/data/all/E/1762212477909.jpg,4049.91
train,E,1762212477928.jpg,/data/Tanulmányok/Képfeldolgozás alap algoritmusai/Féléves feladat/guitar-chord-recognition/data/all/E/1762212477928.jpg,3848.99
train,E,1762212477948.jpg,/data/Tanulmányok/Képfeldolgozás alap algoritmusai/Féléves feladat/guitar-chord-recognition/data/all/E/1762212477948.jpg,4057.33
train,E,1762212477965.jpg,/data/Tanulmányok/Képfeldolgozás alap algoritmusai/Féléves feladat/guitar-chord-recognition/data/all/E/1762212477965.jpg,3648.0
train,E,1762212477984.jpg,/data/Tanulmányok/Képfeldolgozás alap algoritmusai/Féléves feladat/guitar-chord-recognition/data/all/E/1762212477984.jpg,3857.93
train,E,1762212478017.jpg,/data/Tanulmányok/Képfeldolgozás alap algoritmusai/Féléves feladat/guitar-chord-recognition/data/all/E/1762212478017.jpg,3944.29
train,E,1762212478036.jpg,/data/Tanulmányok/Képfeldolgozás alap algoritmusai/Féléves feladat/guitar-chord-recognition/data/all/E/1762212478036.jpg,4024.25
train,E,IMG_20251102_023651.jpg,/data/Tanulmányok/Képfeldolgozás alap algoritmusai/Féléves feladat/guitar-chord-recognition/data/all/E/IMG_20251102_023651.jpg,3731.33
train,E,IMG_20251102_023654.jpg,/data/Tanulmányok/Képfeldolgozás alap algoritmusai/Féléves feladat/guitar-chord-recognition/data/all/E/IMG_20251102_023654.jpg,3767.13
train,E,IMG_20251102_023702.jpg,/data/Tanulmányok/Képfeldolgozás alap algoritmusai/Féléves feladat/guitar-chord-recognition/data/all/E/IMG_20251102_023702.jpg,3775.36
train,E,IMG_20251102_023707.jpg,/data/Tanulmányok/Képfeldolgozás alap algoritmusai/Féléves feladat/guitar-chord-recognition/data/all/E/IMG_20251102_023707.jpg,4494.24
train,E,IMG_20251102_023756.jpg,/data/Tanulmányok/Képfeldolgozás alap algoritmusai/Féléves feladat/guitar-chord-recognition/data/all/E/IMG_20251102_023756.jpg,3824.64
train,F,1762212513468.jpg,/data/Tanulmányok/Képfeldolgozás alap algoritmusai/Féléves feladat/guitar-chord-recognition/data/all/F/1762212513468.jpg,3715.6
train,F,1762212513510.jpg,/data/Tanulmányok/Képfeldolgozás alap algoritmusai/Féléves feladat/guitar-chord-recognition/data/all/F/1762212513510.jpg,3781.41
train,F,1762212513604.jpg,/data/Tanulmányok/Képfeldolgozás alap algoritmusai/Féléves feladat/guitar-chord-recognition/data/all/F/1762212513604.jpg,3730.18
train,F,1762212513639.jpg,/data/Tanulmányok/Képfeldolgozás alap algoritmusai/Féléves feladat/guitar-chord-recognition/data/all/F/1762212513639.jpg,3759.54
train,F,1762212513684.jpg,/data/Tanulmányok/Képfeldolgozás alap algoritmusai/Féléves feladat/guitar-chord-recognition/data/all/F/1762212513684.jpg,3710.72
train,F,1762212513733.jpg,/data/Tanulmányok/Képfeldolgozás alap algoritmusai/Féléves feladat/guitar-chord-recognition/data/all/F/1762212513733.jpg,3939.89
train,F,1762212513789.jpg,/data/Tanulmányok/Képfeldolgozás alap algoritmusai/Féléves feladat/guitar-chord-recognition/data/all/F/1762212513789.jpg,3813.0
train,F,1762212513833.jpg,/data/Tanulmányok/Képfeldolgozás alap algoritmusai/Féléves feladat/guitar-chord-recognition/data/all/F/1762212513833.jpg,3784.24
train,F,1762212513882.jpg,/data/Tanulmányok/Képfeldolgozás alap algoritmusai/Féléves feladat/guitar-chord-recognition/data/all/F/1762212513882.jpg,3883.7
train,F,1762212513914.jpg,/data/Tanulmányok/Képfeldolgozás alap algoritmusai/Féléves feladat/guitar-chord-recognition/data/all/F/1762212513914.jpg,3746.06
train,F,1762212513965.jpg,/data/Tanulmányok/Képfeldolgozás alap algoritmusai/Féléves feladat/guitar-chord-recognition/data/all/F/1762212513965.jpg,3687.21
train,F,1762212513983.jpg,/data/Tanulmányok/Képfeldolgozás alap algoritmusai/Féléves feladat/guitar-chord-recognition/data/all/F/1762212513983.jpg,3782.98
train,F,1762212514005.jpg,/data/Tanulmányok/Képfeldolgozás alap algoritmusai/Féléves feladat/guitar-chord-recognition/data/all/F/1762212514005.jpg,3832.82
train,F,1762212514026.jpg,/data/Tanulmányok/Képfeldolgozás alap algoritmusai/Féléves feladat/guitar-chord-recognition/data/all/F/1762212514026.jpg,3796.71
train,F,1762212514043.jpg,/data/Tanulmányok/Képfeldolgozás alap algoritmusai/Féléves feladat/guitar-chord-recognition/data/all/F/1762212514043.jpg,3799.99
train,F,IMG_20251102_023909.jpg,/data/Tanulmányok/Képfeldolgozás alap algoritmusai/Féléves feladat/guitar-chord-recognition/data/all/F/IMG_20251102_023909.jpg,3579.65
train,F,IMG_20251102_023911.jpg,/data/Tanulmányok/Képfeldolgozás alap algoritmusai/Féléves feladat/guitar-chord-recognition/data/all/F/IMG_20251102_023911.jpg,3575.63
train,F,IMG_20251102_023912.jpg,/data/Tanulmányok/Képfeldolgozás alap algoritmusai/Féléves feladat/guitar-chord-recognition/data/all/F/IMG_20251102_023912.jpg,3619.04
train,F,IMG_20251102_023913.jpg,/data/Tanulmányok/Képfeldolgozás alap algoritmusai/Féléves feladat/guitar-chord-recognition/data/all/F/IMG_20251102_023913.jpg,3652.52
train,F,IMG_20251102_023915.jpg,/data/Tanulmányok/Képfeldolgozás alap algoritmusai/Féléves feladat/guitar-chord-recognition/data/all/F/IMG_20251102_023915.jpg,3586.26
train,F,IMG_20251102_023917.jpg,/data/Tanulmányok/Képfeldolgozás alap algoritmusai/Féléves feladat/guitar-chord-recognition/data/all/F/IMG_20251102_023917.jpg,3680.79
train,F,IMG_20251102_023918.jpg,/data/Tanulmányok/Képfeldolgozás alap algoritmusai/Féléves feladat/guitar-chord-recognition/data/all/F/IMG_20251102_023918.jpg,3597.17
train,F,IMG_20251102_023918_1.jpg,/data/Tanulmányok/Képfeldolgozás alap algoritmusai/Féléves feladat/guitar-chord-recognition/data/all/F/IMG_20251102_023918_1.jpg,3679.07
train,F,IMG_20251102_023920.jpg,/data/Tanulmányok/Képfeldolgozás alap algoritmusai/Féléves feladat/guitar-chord-recognition/data/all/F/IMG_20251102_023920.jpg,3768.67
train,F,IMG_20251102_023921.jpg,/data/Tanulmányok/Képfeldolgozás alap algoritmusai/Féléves feladat/guitar-chord-recognition/data/all/F/IMG_20251102_023921.jpg,3672.97
train,F,IMG_20251102_023927_1.jpg,/data/Tanulmányok/Képfeldolgozás alap algoritmusai/Féléves feladat/guitar-chord-recognition/data/all/F/IMG_20251102_023927_1.jpg,3600.18
train,F,IMG_20251102_023928.jpg,/data/Tanulmányok/Képfeldolgozás alap algoritmusai/Féléves feladat/guitar-chord-recognition/data/all/F/IMG_20251102_023928.jpg,3521.91
train,F,IMG_20251102_023929.jpg,/data/Tanulmányok/Képfeldolgozás alap algoritmusai/Féléves feladat/guitar-chord-recognition/data/all/F/IMG_20251102_023929.jpg,3647.57
train,F,IMG_20251102_023931.jpg,/data/Tanulmányok/Képfeldolgozás alap algoritmusai/Féléves feladat/guitar-chord-recognition/data/all/F/IMG_20251102_023931.jpg,3672.04
train,F,IMG_20251102_023931_1.jpg,/data/Tanulmányok/Képfeldolgozás alap algoritmusai/Féléves feladat/guitar-chord-recognition/data/all/F/IMG_20251102_023931_1.jpg,3638.24
train,F,IMG_20251102_023932.jpg,/data/Tanulmányok/Képfeldolgozás alap algoritmusai/Féléves feladat/guitar-chord-recognition/data/all/F/IMG_20251102_023932.jpg,3662.41
train,F,IMG_20251102_023932_1.jpg,/data/Tanulmányok/Képfeldolgozás alap algoritmusai/Féléves feladat/guitar-chord-recognition/data/all/F/IMG_20251102_023932_1.jpg,3723.89
train,F,IMG_20251102_023933.jpg,/data/Tanulmányok/Képfeldolgozás alap algoritmusai/Féléves feladat/guitar-chord-recognition/data/all/F/IMG_20251102_023933.jpg,3636.2
train,F,IMG_20251102_023934.jpg,/data/Tanulmányok/Képfeldolgozás alap algoritmusai/Féléves feladat/guitar-chord-recognition/data/all/F/IMG_20251102_023934.jpg,3611.11
train,G,1762212557635.jpg,/data/Tanulmányok/Képfeldolgozás alap algoritmusai/Féléves feladat/guitar-chord-recognition/data/all/G/1762212557635.jpg,3831.36
train,G,1762212557881.jpg,/data/Tanulmányok/Képfeldolgozás alap algoritmusai/Féléves feladat/guitar-chord-recognition/data/all/G/1762212557881.jpg,3847.0
train,G,1762212557906.jpg,/data/Tanulmányok/Képfeldolgozás alap algoritmusai/Féléves feladat/guitar-chord-recognition/data/all/G/1762212557906.jpg,3833.86
train,G,1762212557924.jpg,/data/Tanulmányok/Képfeldolgozás alap algoritmusai/Féléves feladat/guitar-chord-recognition/data/all/G/1762212557924.jpg,3787.63
train,G,1762212557942.jpg,/data/Tanulmányok/Képfeldolgozás alap algoritmusai/Féléves feladat/guitar-chord-recognition/data/all/G/1762212557942.jpg,3740.92
train,G,1762212557956.jpg,/data/Tanulmányok/Képfeldolgozás alap algoritmusai/Féléves feladat/guitar-chord-recognition/data/all/G/1762212557956.jpg,3793.37
train,G,1762212557984.jpg,/data/Tanulmányok/Képfeldolgozás alap algoritmusai/Féléves feladat/guitar-chord-recognition/data/all/G/1762212557984.jpg,3948.74
train,G,1762212558011.jpg,/data/Tanulmányok/Képfeldolgozás alap algoritmusai/Féléves feladat/guitar-chord-recognition/data/all/G/1762212558011.jpg,4482.44
train,G,1762212558090.jpg,/data/Tanulmányok/Képfeldolgozás alap algoritmusai/Féléves feladat/guitar-chord-recognition/data/all/G/1762212558090.jpg,3831.79
train,G,1762212558114.jpg,/data/Tanulmányok/Képfeldolgozás alap algoritmusai/Féléves feladat/guitar-chord-recognition/data/all/G/1762212558114.jpg,3769.99
train,G,1762212558132.jpg,/data/Tanulmányok/Képfeldolgozás alap algoritmusai/Féléves feladat/guitar-chord-recognition/data/all/G/1762212558132.jpg,3902.99
train,G,1762212558149.jpg,/data/Tanulmányok/Képfeldolgozás alap algoritmusai/Féléves feladat/guitar-chord-recognition/data/all/G/1762212558149.jpg,3898.68
train,G,1762212558165.jpg,/data/Tanulmányok/Képfeldolgozás alap algoritmusai/Féléves feladat/guitar-chord-recognition/data/all/G/1762212558165.jpg,3890.27
train,G,1762212558182.jpg,/data/Tanulmányok/Képfeldolgozás alap algoritmusai/Féléves feladat/guitar-chord-recognition/data/all/G/1762212558182.jpg,3784.95
train,G,_storage_emulated_0_Android_data_com.miui.gallery_cache_SecurityShare_1762212557598.jpg,/data/Tanulmányok/Képfeldolgozás alap algoritmusai/Féléves feladat/guitar-chord-recognition/data/all/G/_storage_emulated_0_Android_data_com.miui.gallery_cache_SecurityShare_1762212557598.jpg,3977.01
train,No hand,IMG_20251102_023812.jpg,/data/Tanulmányok/Képfeldolgozás alap algoritmusai/Féléves feladat/guitar-chord-recognition/data/all/No hand/IMG_20251102_023812.jpg,3945.34
train,No hand,IMG_20251102_023813.jpg,/data/Tanulmányok/Képfeldolgozás alap algoritmusai/Féléves feladat/guitar-chord-recognition/data/all/No hand/IMG_20251102_023813.jpg,3878.28
train,No hand,IMG_20251102_023815.jpg,/data/Tanulmányok/Képfeldolgozás alap algoritmusai/Féléves feladat/guitar-chord-recognition/data/all/No hand/IMG_20251102_023815.jpg,3676.27
train,No hand,IMG_20251102_023816.jpg,/data/Tanulmányok/Képfeldolgozás alap algoritmusai/Féléves feladat/guitar-chord-recognition/data/all/No hand/IMG_20251102_023816.jpg,3922.16
train,No hand,IMG_20251102_023828.jpg,/data/Tanulmányok/Képfeldolgozás alap algoritmusai/Féléves feladat/guitar-chord-recognition/data/all/No hand/IMG_20251102_023828.jpg,3884.92
train,No hand,IMG_20251102_023828_1.jpg,/data/Tanulmányok/Képfeldolgozás alap algoritmusai/Féléves feladat/guitar-chord-recognition/data/all/No hand/IMG_20251102_023828_1.jpg,4037.47
train,No hand,IMG_20251102_023829.jpg,/data/Tanulmányok/Képfeldolgozás alap algoritmusai/Féléves feladat/guitar-chord-recognition/data/all/No hand/IMG_20251102_023829.jpg,3972.61
train,No hand,IMG_20251102_023830.jpg,/data/Tanulmányok/Képfeldolgozás alap algoritmusai/Féléves feladat/guitar-chord-recognition/data/all/No hand/IMG_20251102_023830.jpg,4435.14
train,No hand,IMG_20251102_023834_1.jpg,/data/Tanulmányok/Képfeldolgozás alap algoritmusai/Féléves feladat/guitar-chord-recognition/data/all/No hand/IMG_20251102_023834_1.jpg,4611.77
train,No hand,IMG_20251102_023835.jpg,/data/Tanulmányok/Képfeldolgozás alap algoritmusai/Féléves feladat/guitar-chord-recognition/data/all/No hand/IMG_20251102_023835.jpg,4622.28
val,A,1762212326216.jpg,/data/Tanulmányok/Képfeldolgozás alap algoritmusai/Féléves feladat/guitar-chord-recognition/data/all/A/1762212326216.jpg,4043.33
val,A,IMG_20251102_023844.jpg,/data/Tanulmányok/Képfeldolgozás alap algoritmusai/Féléves feladat/guitar-chord-recognition/data/all/A/IMG_20251102_023844.jpg,3701.66
val,A,IMG_20251102_023845.jpg,/data/Tanulmányok/Képfeldolgozás alap algoritmusai/Féléves feladat/guitar-chord-recognition/data/all/A/IMG_20251102_023845.jpg,3752.56
val,A,IMG_20251102_023847.jpg,/data/Tanulmányok/Képfeldolgozás alap algoritmusai/Féléves feladat/guitar-chord-recognition/data/all/A/IMG_20251102_023847.jpg,3649.88
val,A,IMG_20251102_023850_1.jpg,/data/Tanulmányok/Képfeldolgozás alap algoritmusai/Féléves feladat/guitar-chord-recognition/data/all/A/IMG_20251102_023850_1.jpg,3601.24
val,B,1762212364264.jpg,/data/Tanulmányok/Képfeldolgozás alap algoritmusai/Féléves feladat/guitar-chord-recognition/data/all/B/1762212364264.jpg,3754.68
val,B,1762212364323.jpg,/data/Tanulmányok/Képfeldolgozás alap algoritmusai/Féléves feladat/guitar-chord-recognition/data/all/B/1762212364323.jpg,4007.68
val,B,1762212364429.jpg,/data/Tanulmányok/Képfeldolgozás alap algoritmusai/Féléves feladat/guitar-chord-recognition/data/all/B/1762212364429.jpg,3902.72
val,B,1762212364468.jpg,/data/Tanulmányok/Képfeldolgozás alap algoritmusai/Féléves feladat/guitar-chord-recognition/data/all/B/1762212364468.jpg,3927.52
val,B,IMG_20251102_024128.jpg,/data/Tanulmányok/Képfeldolgozás alap algoritmusai/Féléves feladat/guitar-chord-recognition/data/all/B/IMG_20251102_024128.jpg,4108.45
val,B,IMG_20251102_024135.jpg,/data/Tanulmányok/Képfeldolgozás alap algoritmusai/Féléves feladat/guitar-chord-recognition/data/all/B/IMG_20251102_024135.jpg,3716.34
val,B,IMG_20251102_024323.jpg,/data/Tanulmányok/Képfeldolgozás alap algoritmusai/Féléves feladat/guitar-chord-recognition/data/all/B/IMG_20251102_024323.jpg,4017.17
val,B,IMG_20251102_024328.jpg,/data/Tanulmányok/Képfeldolgozás alap algoritmusai/Féléves feladat/guitar-chord-recognition/data/all/B/IMG_20251102_024328.jpg,3705.18
val,C,1762212394985.jpg,/data/Tanulmányok/Képfeldolgozás alap algoritmusai/Féléves feladat/guitar-chord-recognition/data/all/C/1762212394985.jpg,3880.48
val,C,1762212395179.jpg,/data/Tanulmányok/Képfeldolgozás alap algoritmusai/Féléves feladat/guitar-chord-recognition/data/all/C/1762212395179.jpg,3792.57
val,C,IMG_20251102_024026_1.jpg,/data/Tanulmányok/Képfeldolgozás alap algoritmusai/Féléves feladat/guitar-chord-recognition/data/all/C/IMG_20251102_024026_1.jpg,3726.8
val,C,IMG_20251102_024027.jpg,/data/Tanulmányok/Képfeldolgozás alap algoritmusai/Féléves feladat/guitar-chord-recognition/data/all/C/IMG_20251102_024027.jpg,3809.72
val,C,IMG_20251102_024028.jpg,/data/Tanulmányok/Képfeldolgozás alap algoritmusai/Féléves feladat/guitar-chord-recognition/data/all/C/IMG_20251102_024028.jpg,3658.45
val,C,IMG_20251102_024038_1.jpg,/data/Tanulmányok/Képfeldolgozás alap algoritmusai/Féléves feladat/guitar-chord-recognition/data/all/C/IMG_20251102_024038_1.jpg,3702.14
val,C,IMG_20251102_024043.jpg,/data/Tanulmányok/Képfeldolgozás alap algoritmusai/Féléves feladat/guitar-chord-recognition/data/all/C/IMG_20251102_024043.jpg,3846.26
val,D,1762212433158.jpg,/data/Tanulmányok/Képfeldolgozás alap algoritmusai/Féléves feladat/guitar-chord-recognition/data/all/D/1762212433158.jpg,3892.09
val,D,1762212433239.jpg,/data/Tanulmányok/Képfeldolgozás alap algoritmusai/Féléves feladat/guitar-chord-recognition/data/all/D/1762212433239.jpg,3826.84
val,D,IMG_20251102_023951_1.jpg,/data/Tanulmányok/Képfeldolgozás alap algoritmusai/Féléves feladat/guitar-chord-recognition/data/all/D/IMG_20251102_023951_1.jpg,3698.28
val,D,IMG_20251102_023954.jpg,/data/Tanulmányok/Képfeldolgozás alap algoritmusai/Féléves feladat/guitar-chord-recognition/data/all/D/IMG_20251102_023954.jpg,3589.82
val,D,IMG_20251102_023954_1.jpg,/data/Tanulmányok/Képfeldolgozás alap algoritmusai/Féléves feladat/guitar-chord-recognition/data/all/D/IMG_20251102_023954_1.jpg,3740.28
val,D,IMG_20251102_023955_1.jpg,/data/Tanulmányok/Képfeldolgozás alap algoritmusai/Féléves feladat/guitar-chord-recognition/data/all/D/IMG_20251102_023955_1.jpg,3723.88
val,E,1762212477705.jpg,/data/Tanulmányok/Képfeldolgozás alap algoritmusai/Féléves feladat/guitar-chord-recognition/data/all/E/1762212477705.jpg,3740.48
val,E,1762212477794.jpg,/data/Tanulmányok/Képfeldolgozás alap algoritmusai/Féléves feladat/guitar-chord-recognition/data/all/E/1762212477794.jpg,3836.89
val,E,1762212477808.jpg,/data/Tanulmányok/Képfeldolgozás alap algoritmusai/Féléves feladat/guitar-chord-recognition/data/all/E/1762212477808.jpg,3766.52
val,E,1762212478001.jpg,/data/Tanulmányok/Képfeldolgozás alap algoritmusai/Féléves feladat/guitar-chord-recognition/data/all/E/1762212478001.jpg,4015.43
val,E,IMG_20251102_023721.jpg,/data/Tanulmányok/Képfeldolgozás alap algoritmusai/Féléves feladat/guitar-chord-recognition/data/all/E/IMG_20251102_023721.jpg,4227.38
val,F,1762212513491.jpg,/data/Tanulmányok/Képfeldolgozás alap algoritmusai/Féléves feladat/guitar-chord-recognition/data/all/F/1762212513491.jpg,3745.77
val,F,1762212513702.jpg,/data/Tanulmányok/Képfeldolgozás alap algoritmusai/Féléves feladat/guitar-chord-recognition/data/all/F/1762212513702.jpg,3820.91
val,F,1762212513852.jpg,/data/Tanulmányok/Képfeldolgozás alap algoritmusai/Féléves feladat/guitar-chord-recognition/data/all/F/1762212513852.jpg,3874.16
val,F,1762212513941.jpg,/data/Tanulmányok/Képfeldolgozás alap algoritmusai/Féléves feladat/guitar-chord-recognition/data/all/F/1762212513941.jpg,3831.08
val,F,IMG_20251102_023910.jpg,/data/Tanulmányok/Képfeldolgozás alap algoritmusai/Féléves feladat/guitar-chord-recognition/data/all/F/IMG_20251102_023910.jpg,3609.02
val,F,IMG_20251102_023912_1.jpg,/data/Tanulmányok/Képfeldolgozás alap algoritmusai/Féléves feladat/guitar-chord-recognition/data/all/F/IMG_20251102_023912_1.jpg,3667.35
val,F,IMG_20251102_023916.jpg,/data/Tanulmányok/Képfeldolgozás alap algoritmusai/Féléves feladat/guitar-chord-recognition/data/all/F/IMG_20251102_023916.jpg,3717.09
val,F,IMG_20251102_023919.jpg,/data/Tanulmányok/Képfeldolgozás alap algoritmusai/Féléves feladat/guitar-chord-recognition/data/all/F/IMG_20251102_023919.jpg,3749.59
val,G,1762212557612.jpg,/data/Tanulmányok/Képfeldolgozás alap algoritmusai/Féléves feladat/guitar-chord-recognition/data/all/G/1762212557612.jpg,4490.01
val,G,1762212558073.jpg,/data/Tanulmányok/Képfeldolgozás alap algoritmusai/Féléves feladat/guitar-chord-recognition/data/all/G/1762212558073.jpg,3780.74
val,G,1762212558209.jpg,/data/Tanulmányok/Képfeldolgozás alap algoritmusai/Féléves feladat/guitar-chord-recognition/data/all/G/1762212558209.jpg,3728.45
val,No hand,IMG_20251102_023832.jpg,/data/Tanulmányok/Képfeldolgozás alap algoritmusai/Féléves feladat/guitar-chord-recognition/data/all/No hand/IMG_20251102_023832.jpg,4468.56
val,No hand,IMG_20251102_023834.jpg,/data/Tanulmányok/Képfeldolgozás alap algoritmusai/Féléves feladat/guitar-chord-recognition/data/all/No hand/IMG_20251102_023834.jpg,4704.71
val,No hand,IMG_20251102_023836.jpg,/data/Tanulmányok/Képfeldolgozás alap algoritmusai/Féléves feladat/guitar-chord-recognition/data/all/No hand/IMG_20251102_023836.jpg,4690.11
