split,class,filename,path,size_kb,source
test,A,1762212326052.jpg,/data/Tanulmányok/Képfeldolgozás alap algoritmusai/Féléves feladat/guitar-chord-recognition/data/all/A/1762212326052.jpg,3697.54,original
test,A,1762212326260.jpg,/data/Tanulmányok/Képfeldolgozás alap algoritmusai/Féléves feladat/guitar-chord-recognition/data/all/A/1762212326260.jpg,3673.71,original
test,A,1762212326326.jpg,/data/Tanulmányok/Képfeldolgozás alap algoritmusai/Féléves feladat/guitar-chord-recognition/data/all/A/1762212326326.jpg,3856.19,original
test,A,1762212326478.jpg,/data/Tanulmányok/Képfeldolgozás alap algoritmusai/Féléves feladat/guitar-chord-recognition/data/all/A/1762212326478.jpg,3691.03,original
test,A,IMG_20251102_023845_1.jpg,/data/Tanulmányok/Képfeldolgozás alap algoritmusai/Féléves feladat/guitar-chord-recognition/data/all/A/IMG_20251102_023845_1.jpg,3768.83,original
test,B,1762212364116.jpg,/data/Tanulmányok/Képfeldolgozás alap algoritmusai/Féléves feladat/guitar-chord-recognition/data/all/B/1762212364116.jpg,3713.11,original
test,B,1762212364159.jpg,/data/Tanulmányok/Képfeldolgozás alap algoritmusai/Féléves feladat/guitar-chord-recognition/data/all/B/1762212364159.jpg,3716.01,original
test,B,1762212364249.jpg,/data/Tanulmányok/Képfeldolgozás alap algoritmusai/Féléves feladat/guitar-chord-recognition/data/all/B/1762212364249.jpg,3705.63,original
test,B,1762212364296.jpg,/data/Tanulmányok/Képfeldolgozás alap algoritmusai/Féléves feladat/guitar-chord-recognition/data/all/B/1762212364296.jpg,3910.81,original
test,B,IMG_20251102_024133.jpg,/data/Tanulmányok/Képfeldolgozás alap algoritmusai/Féléves feladat/guitar-chord-recognition/data/all/B/IMG_20251102_024133.jpg,3644.3,original
test,B,IMG_20251102_024136_1.jpg,/data/Tanulmányok/Képfeldolgozás alap algoritmusai/Féléves feladat/guitar-chord-recognition/data/all/B/IMG_20251102_024136_1.jpg,3708.99,original
test,B,IMG_20251102_024322.jpg,/data/Tanulmányok/Képfeldolgozás alap algoritmusai/Féléves feladat/guitar-chord-recognition/data/all/B/IMG_20251102_024322.jpg,3765.6,original
test,B,IMG_20251102_024327_1.jpg,/data/Tanulmányok/Képfeldolgozás alap algoritmusai/Féléves feladat/guitar-chord-recognition/data/all/B/IMG_20251102_024327_1.jpg,3687.36,original
test,B,IMG_20251102_024337.jpg,/data/Tanulmányok/Képfeldolgozás alap algoritmusai/Féléves feladat/guitar-chord-recognition/data/all/B/IMG_20251102_024337.jpg,3823.47,original
test,C,1762212395050.jpg,/data/Tanulmányok/Képfeldolgozás alap algoritmusai/Féléves feladat/guitar-chord-recognition/data/all/C/1762212395050.jpg,3912.63,original
test,C,IMG_20251102_024030_1.jpg,/data/Tanulmányok/Képfeldolgozás alap algoritmusai/Féléves feladat/guitar-chord-recognition/data/all/C/IMG_20251102_024030_1.jpg,3679.07,original
test,C,IMG_20251102_024033.jpg,/data/Tanulmányok/Képfeldolgozás alap algoritmusai/Féléves feladat/guitar-chord-recognition/data/all/C/IMG_20251102_024033.jpg,3662.61,original
test,C,IMG_20251102_024034.jpg,/data/Tanulmányok/Képfeldolgozás alap algoritmusai/Féléves feladat/guitar-chord-recognition/data/all/C/IMG_20251102_024034.jpg,3646.71,original
test,C,IMG_20251102_024035.jpg,/data/Tanulmányok/Képfeldolgozás alap algoritmusai/Féléves feladat/guitar-chord-recognition/data/all/C/IMG_20251102_024035.jpg,3693.94,original
test,C,IMG_20251102_024042.jpg,/data/Tanulmányok/Képfeldolgozás alap algoritmusai/Féléves feladat/guitar-chord-recognition/data/all/C/IMG_20251102_024042.jpg,3733.52,original
test,C,IMG_20251102_024044.jpg,/data/Tanulmányok/Képfeldolgozás alap algoritmusai/Féléves feladat/guitar-chord-recognition/data/all/C/IMG_20251102_024044.jpg,3714.23,original
test,D,1762212432750.jpg,/data/Tanulmányok/Képfeldolgozás alap algoritmusai/Féléves feladat/guitar-chord-recognition/data/all/D/1762212432750.jpg,3826.36,original
test,D,1762212432809.jpg,/data/Tanulmányok/Képfeldolgozás alap algoritmusai/Féléves feladat/guitar-chord-recognition/data/all/D/1762212432809.jpg,4064.3,original
test,D,1762212432976.jpg,/data/Tanulmányok/Képfeldolgozás alap algoritmusai/Féléves feladat/guitar-chord-recognition/data/all/D/1762212432976.jpg,3906.48,original
test,D,1762212433092.jpg,/data/Tanulmányok/Képfeldolgozás alap algoritmusai/Féléves feladat/guitar-chord-recognition/data/all/D/1762212433092.jpg,3941.95,original
test,D,IMG_20251102_023945.jpg,/data/Tanulmányok/Képfeldolgozás alap algoritmusai/Féléves feladat/guitar-chord-recognition/data/all/D/IMG_20251102_023945.jpg,3768.29,original
test,D,IMG_20251102_023947.jpg,/data/Tanulmányok/Képfeldolgozás alap algoritmusai/Féléves feladat/guitar-chord-recognition/data/all/D/IMG_20251102_023947.jpg,3687.97,original
test,D,IMG_20251102_023948.jpg,/data/Tanulmányok/Képfeldolgozás alap algoritmusai/Féléves feladat/guitar-chord-recognition/data/all/D/IMG_20251102_023948.jpg,3779.48,original
test,E,1762212477647.jpg,/data/Tanulmányok/Képfeldolgozás alap algoritmusai/Féléves feladat/guitar-chord-recognition/data/all/E/1762212477647.jpg,3778.65,original
test,E,1762212477725.jpg,/data/Tanulmányok/Képfeldolgozás alap algoritmusai/Féléves feladat/guitar-chord-recognition/data/all/E/1762212477725.jpg,3753.6,original
test,E,1762212477892.jpg,/data/Tanulmányok/Képfeldolgozás alap algoritmusai/Féléves feladat/guitar-chord-recognition/data/all/E/1762212477892.jpg,4011.45,original
test,E,IMG_20251102_023649.jpg,/data/Tanulmányok/Képfeldolgozás alap algoritmusai/Féléves feladat/guitar-chord-recognition/data/all/E/IMG_20251102_023649.jpg,3777.4,original
test,F,1762212513538.jpg,/data/Tanulmányok/Képfeldolgozás alap algoritmusai/Féléves feladat/guitar-chord-recognition/data/all/F/1762212513538.jpg,3802.85,original
test,F,1762212513575.jpg,/data/Tanulmányok/Képfeldolgozás alap algoritmusai/Féléves feladat/guitar-chord-recognition/data/all/F/1762212513575.jpg,3742.95,original
test,F,1762212513621.jpg,/data/Tanulmányok/Képfeldolgozás alap algoritmusai/Féléves feladat/guitar-chord-recognition/data/all/F/1762212513621.jpg,3773.03,original
test,F,1762212513666.jpg,/data/Tanulmányok/Képfeldolgozás alap algoritmusai/Féléves feladat/guitar-chord-recognition/data/all/F/1762212513666.jpg,3749.7,original
test,F,1762212513752.jpg,/data/Tanulmányok/Képfeldolgozás alap algoritmusai/Féléves feladat/guitar-chord-recognition/data/all/F/1762212513752.jpg,3997.22,original
test,F,IMG_20251102_023914.jpg,/data/Tanulmányok/Képfeldolgozás alap algoritmusai/Féléves feladat/guitar-chord-recognition/data/all/F/IMG_20251102_023914.jpg,3711.76,original
test,F,IMG_20251102_023927.jpg,/data/Tanulmányok/Képfeldolgozás alap algoritmusai/Féléves feladat/guitar-chord-recognition/data/all/F/IMG_20251102_023927.jpg,3506.18,original
test,G,1762212557623.jpg,/data/Tanulmányok/Képfeldolgozás alap algoritmusai/Féléves feladat/guitar-chord-recognition/data/all/G/1762212557623.jpg,3870.63,original
test,G,1762212557971.jpg,/data/Tanulmányok/Képfeldolgozás alap algoritmusai/Féléves feladat/guitar-chord-recognition/data/all/G/1762212557971.jpg,3903.81,original
test,G,1762212558044.jpg,/data/Tanulmányok/Képfeldolgozás alap algoritmusai/Féléves feladat/guitar-chord-recognition/data/all/G/1762212558044.jpg,3860.02,original
test,G,1762212558198.jpg,/data/Tanulmányok/Képfeldolgozás alap algoritmusai/Féléves feladat/guitar-chord-recognition/data/all/G/1762212558198.jpg,3734.63,original
test,No hand,IMG_20251102_023817.jpg,/data/Tanulmányok/Képfeldolgozás alap algoritmusai/Féléves feladat/guitar-chord-recognition/data/all/No hand/IMG_20251102_023817.jpg,3713.7,original
test,No hand,IMG_20251102_023831.jpg,/data/Tanulmányok/Képfeldolgozás alap algoritmusai/Féléves feladat/guitar-chord-recognition/data/all/No hand/IMG_20251102_023831.jpg,4514.29,original
train,A,1762212326034.jpg,/data/Tanulmányok/Képfeldolgozás alap algoritmusai/Féléves feladat/guitar-chord-recognition/data/all/A/1762212326034.jpg,3669.88,original
train,A,1762212326074.jpg,/data/Tanulmányok/Képfeldolgozás alap algoritmusai/Féléves feladat/guitar-chord-recognition/data/all/A/1762212326074.jpg,3782.17,original
train,A,1762212326103.jpg,/data/Tanulmányok/Képfeldolgozás alap algoritmusai/Féléves feladat/guitar-chord-recognition/data/all/A/1762212326103.jpg,3763.51,original
train,A,1762212326133.jpg,/data/Tanulmányok/Képfeldolgozás alap algoritmusai/Féléves feladat/guitar-chord-recognition/data/all/A/1762212326133.jpg,3753.13,original
train,A,1762212326155.jpg,/data/Tanulmányok/Képfeldolgozás alap algoritmusai/Féléves feladat/guitar-chord-recognition/data/all/A/1762212326155.jpg,3885.24,original
train,A,1762212326173.jpg,/data/Tanulmányok/Képfeldolgozás alap algoritmusai/Féléves feladat/guitar-chord-recognition/data/all/A/1762212326173.jpg,4086.08,original
train,A,1762212326193.jpg,/data/Tanulmányok/Képfeldolgozás alap algoritmusai/Féléves feladat/guitar-chord-recognition/data/all/A/1762212326193.jpg,4418.82,original
train,A,1762212326234.jpg,/data/Tanulmányok/Képfeldolgozás alap algoritmusai/Féléves feladat/guitar-chord-recognition/data/all/A/1762212326234.jpg,3813.49,original
train,A,1762212326293.jpg,/data/Tanulmányok/Képfeldolgozás alap algoritmusai/Féléves feladat/guitar-chord-recognition/data/all/A/1762212326293.jpg,3792.32,original
train,A,1762212326347.jpg,/data/Tanulmányok/Képfeldolgozás alap algoritmusai/Féléves feladat/guitar-chord-recognition/data/all/A/1762212326347.jpg,3780.69,original
train,A,1762212326380.jpg,/data/Tanulmányok/Képfeldolgozás alap algoritmusai/Féléves feladat/guitar-chord-recognition/data/all/A/1762212326380.jpg,3729.56,original
train,A,1762212326435.jpg,/data/Tanulmányok/Képfeldolgozás alap algoritmusai/Féléves feladat/guitar-chord-recognition/data/all/A/1762212326435.jpg,3675.23,original
train,A,1762212326513.jpg,/data/Tanulmányok/Képfeldolgozás alap algoritmusai/Féléves feladat/guitar-chord-recognition/data/all/A/1762212326513.jpg,3627.36,original
train,A,IMG_20251102_023846.jpg,/data/Tanulmányok/Képfeldolgozás alap algoritmusai/Féléves feladat/guitar-chord-recognition/data/all/A/IMG_20251102_023846.jpg,3682.23,original
train,A,IMG_20251102_023847_1.jpg,/data/Tanulmányok/Képfeldolgozás alap algoritmusai/Féléves feladat/guitar-chord-recognition/data/all/A/IMG_20251102_023847_1.jpg,3601.91,original
train,A,IMG_20251102_023848.jpg,/data/Tanulmányok/Képfeldolgozás alap algoritmusai/Féléves feladat/guitar-chord-recognition/data/all/A/IMG_20251102_023848.jpg,3629.86,original
train,A,IMG_20251102_023849.jpg,/data/Tanulmányok/Képfeldolgozás alap algoritmusai/Féléves feladat/guitar-chord-recognition/data/all/A/IMG_20251102_023849.jpg,3600.94,original
train,A,IMG_20251102_023850.jpg,/data/Tanulmányok/Képfeldolgozás alap algoritmusai/Féléves feladat/guitar-chord-recognition/data/all/A/IMG_20251102_023850.jpg,3638.71,original
train,A,IMG_20251102_023851.jpg,/data/Tanulmányok/Képfeldolgozás alap algoritmusai/Féléves feladat/guitar-chord-recognition/data/all/A/IMG_20251102_023851.jpg,3695.57,original
train,A,IMG_20251102_023852.jpg,/data/Tanulmányok/Képfeldolgozás alap algoritmusai/Féléves feladat/guitar-chord-recognition/data/all/A/IMG_20251102_023852.jpg,3720.32,original
train,A,IMG_20251102_023853.jpg,/data/Tanulmányok/Képfeldolgozás alap algoritmusai/Féléves feladat/guitar-chord-recognition/data/all/A/IMG_20251102_023853.jpg,3585.52,original
train,A,IMG_20251102_023853_1.jpg,/data/Tanulmányok/Képfeldolgozás alap algoritmusai/Féléves feladat/guitar-chord-recognition/data/all/A/IMG_20251102_023853_1.jpg,3843.94,original
train,A,IMG_20251102_023854.jpg,/data/Tanulmányok/Képfeldolgozás alap algoritmusai/Féléves feladat/guitar-chord-recognition/data/all/A/IMG_20251102_023854.jpg,3893.01,original
train,B,1762212364065.jpg,/data/Tanulmányok/Képfeldolgozás alap algoritmusai/Féléves feladat/guitar-chord-recognition/data/all/B/1762212364065.jpg,3757.55,original
train,B,1762212364084.jpg,/data/Tanulmányok/Képfeldolgozás alap algoritmusai/Féléves feladat/guitar-chord-recognition/data/all/B/1762212364084.jpg,3753.77,original
train,B,1762212364099.jpg,/data/Tanulmányok/Képfeldolgozás alap algoritmusai/Féléves feladat/guitar-chord-recognition/data/all/B/1762212364099.jpg,3776.02,original
train,B,1762212364133.jpg,/data/Tanulmányok/Képfeldolgozás alap algoritmusai/Féléves feladat/guitar-chord-recognition/data/all/B/1762212364133.jpg,3790.99,original
train,B,1762212364186.jpg,/data/Tanulmányok/Képfeldolgozás alap algoritmusai/Féléves feladat/guitar-chord-recognition/data/all/B/1762212364186.jpg,3692.05,original
train,B,1762212364206.jpg,/data/Tanulmányok/Képfeldolgozás alap algoritmusai/Féléves feladat/guitar-chord-recognition/data/all/B/1762212364206.jpg,3668.7,original
train,B,1762212364232.jpg,/data/Tanulmányok/Képfeldolgozás alap algoritmusai/Féléves feladat/guitar-chord-recognition/data/all/B/1762212364232.jpg,3658.98,original
train,B,1762212364343.jpg,/data/Tanulmányok/Képfeldolgozás alap algoritmusai/Féléves feladat/guitar-chord-recognition/data/all/B/1762212364343.jpg,3944.01,original
train,B,1762212364363.jpg,/data/Tanulmányok/Képfeldolgozás alap algoritmusai/Féléves feladat/guitar-chord-recognition/data/all/B/1762212364363.jpg,3895.59,original
train,B,1762212364497.jpg,/data/Tanulmányok/Képfeldolgozás alap algoritmusai/Féléves feladat/guitar-chord-recognition/data/all/B/1762212364497.jpg,4013.0,original
train,B,1762212364514.jpg,/data/Tanulmányok/Képfeldolgozás alap algoritmusai/Féléves feladat/guitar-chord-recognition/data/all/B/1762212364514.jpg,4330.14,original
train,B,IMG_20251102_024129.jpg,/data/Tanulmányok/Képfeldolgozás alap algoritmusai/Féléves feladat/guitar-chord-recognition/data/all/B/IMG_20251102_024129.jpg,3594.53,original
train,B,IMG_20251102_024129_1.jpg,/data/Tanulmányok/Képfeldolgozás alap algoritmusai/Féléves feladat/guitar-chord-recognition/data/all/B/IMG_20251102_024129_1.jpg,3569.4,original
train,B,IMG_20251102_024130.jpg,/data/Tanulmányok/Képfeldolgozás alap algoritmusai/Féléves feladat/guitar-chord-recognition/data/all/B/IMG_20251102_024130.jpg,3526.56,original
train,B,IMG_20251102_024131.jpg,/data/Tanulmányok/Képfeldolgozás alap algoritmusai/Féléves feladat/guitar-chord-recognition/data/all/B/IMG_20251102_024131.jpg,3632.49,original
train,B,IMG_20251102_024132.jpg,/data/Tanulmányok/Képfeldolgozás alap algoritmusai/Féléves feladat/guitar-chord-recognition/data/all/B/IMG_20251102_024132.jpg,3651.26,original
train,B,IMG_20251102_024134.jpg,/data/Tanulmányok/Képfeldolgozás alap algoritmusai/Féléves feladat/guitar-chord-recognition/data/all/B/IMG_20251102_024134.jpg,3699.01,original
train,B,IMG_20251102_024134_1.jpg,/data/Tanulmányok/Képfeldolgozás alap algoritmusai/Féléves feladat/guitar-chord-recognition/data/all/B/IMG_20251102_024134_1.jpg,3661.71,original
train,B,IMG_20251102_024136.jpg,/data/Tanulmányok/Képfeldolgozás alap algoritmusai/Féléves feladat/guitar-chord-recognition/data/all/B/IMG_20251102_024136.jpg,3690.44,original
train,B,IMG_20251102_024323_1.jpg,/data/Tanulmányok/Képfeldolgozás alap algoritmusai/Féléves feladat/guitar-chord-recognition/data/all/B/IMG_20251102_024323_1.jpg,3942.3,original
train,B,IMG_20251102_024324.jpg,/data/Tanulmányok/Képfeldolgozás alap algoritmusai/Féléves feladat/guitar-chord-recognition/data/all/B/IMG_20251102_024324.jpg,4249.11,original
train,B,IMG_20251102_024325.jpg,/data/Tanulmányok/Képfeldolgozás alap algoritmusai/Féléves feladat/guitar-chord-recognition/data/all/B/IMG_20251102_024325.jpg,3952.31,original
train,B,IMG_20251102_024325_1.jpg,/data/Tanulmányok/Képfeldolgozás alap algoritmusai/Féléves feladat/guitar-chord-recognition/data/all/B/IMG_20251102_024325_1.jpg,3740.69,original
train,B,IMG_20251102_024326.jpg,/data/Tanulmányok/Képfeldolgozás alap algoritmusai/Féléves feladat/guitar-chord-recognition/data/all/B/IMG_20251102_024326.jpg,3628.34,original
train,B,IMG_20251102_024327.jpg,/data/Tanulmányok/Képfeldolgozás alap algoritmusai/Féléves feladat/guitar-chord-recognition/data/all/B/IMG_20251102_024327.jpg,3665.73,original
train,B,IMG_20251102_024328_1.jpg,/data/Tanulmányok/Képfeldolgozás alap algoritmusai/Féléves feladat/guitar-chord-recognition/data/all/B/IMG_20251102_024328_1.jpg,4012.58,original
train,B,IMG_20251102_024329.jpg,/data/Tanulmányok/Képfeldolgozás alap algoritmusai/Féléves feladat/guitar-chord-recognition/data/all/B/IMG_20251102_024329.jpg,3753.62,original
train,B,IMG_20251102_024330.jpg,/data/Tanulmányok/Képfeldolgozás alap algoritmusai/Féléves feladat/guitar-chord-recognition/data/all/B/IMG_20251102_024330.jpg,3697.35,original
train,B,IMG_20251102_024330_1.jpg,/data/Tanulmányok/Képfeldolgozás alap algoritmusai/Féléves feladat/guitar-chord-recognition/data/all/B/IMG_20251102_024330_1.jpg,3736.34,original
train,B,IMG_20251102_024331.jpg,/data/Tanulmányok/Képfeldolgozás alap algoritmusai/Féléves feladat/guitar-chord-recognition/data/all/B/IMG_20251102_024331.jpg,3714.96,original
train,B,IMG_20251102_024331_1.jpg,/data/Tanulmányok/Képfeldolgozás alap algoritmusai/Féléves feladat/guitar-chord-recognition/data/all/B/IMG_20251102_024331_1.jpg,3717.79,original
train,B,IMG_20251102_024332.jpg,/data/Tanulmányok/Képfeldolgozás alap algoritmusai/Féléves feladat/guitar-chord-recognition/data/all/B/IMG_20251102_024332.jpg,3761.83,original
train,B,IMG_20251102_024333.jpg,/data/Tanulmányok/Képfeldolgozás alap algoritmusai/Féléves feladat/guitar-chord-recognition/data/all/B/IMG_20251102_024333.jpg,3766.78,original
train,B,IMG_20251102_024333_1.jpg,/data/Tanulmányok/Képfeldolgozás alap algoritmusai/Féléves feladat/guitar-chord-recognition/data/all/B/IMG_20251102_024333_1.jpg,3701.45,original
train,B,IMG_20251102_024334.jpg,/data/Tanulmányok/Képfeldolgozás alap algoritmusai/Féléves feladat/guitar-chord-recognition/data/all/B/IMG_20251102_024334.jpg,3717.67,original
train,B,IMG_20251102_024335.jpg,/data/Tanulmányok/Képfeldolgozás alap algoritmusai/Féléves feladat/guitar-chord-recognition/data/all/B/IMG_20251102_024335.jpg,3770.77,original
train,B,IMG_20251102_024335_1.jpg,/data/Tanulmányok/Képfeldolgozás alap algoritmusai/Féléves feladat/guitar-chord-recognition/data/all/B/IMG_20251102_024335_1.jpg,3877.99,original
train,B,IMG_20251102_024336.jpg,/data/Tanulmányok/Képfeldolgozás alap algoritmusai/Féléves feladat/guitar-chord-recognition/data/all/B/IMG_20251102_024336.jpg,3744.21,original
train,B,IMG_20251102_024337_1.jpg,/data/Tanulmányok/Képfeldolgozás alap algoritmusai/Féléves feladat/guitar-chord-recognition/data/all/B/IMG_20251102_024337_1.jpg,3800.55,original
train,C,1762212394759.jpg,/data/Tanulmányok/Képfeldolgozás alap algoritmusai/Féléves feladat/guitar-chord-recognition/data/all/C/1762212394759.jpg,3745.82,original
train,C,1762212394778.jpg,/data/Tanulmányok/Képfeldolgozás alap algoritmusai/Féléves feladat/guitar-chord-recognition/data/all/C/1762212394778.jpg,3783.79,original
train,C,1762212394823.jpg,/data/Tanulmányok/Képfeldolgozás alap algoritmusai/Féléves feladat/guitar-chord-recognition/data/all/C/1762212394823.jpg,3845.69,original
train,C,1762212394850.jpg,/data/Tanulmányok/Képfeldolgozás alap algoritmusai/Féléves feladat/guitar-chord-recognition/data/all/C/1762212394850.jpg,3808.56,original
train,C,1762212394873.jpg,/data/Tanulmányok/Képfeldolgozás alap algoritmusai/Féléves feladat/guitar-chord-recognition/data/all/C/1762212394873.jpg,3677.36,original
train,C,1762212394899.jpg,/data/Tanulmányok/Képfeldolgozás alap algoritmusai/Féléves feladat/guitar-chord-recognition/data/all/C/1762212394899.jpg,3713.18,original
train,C,1762212394923.jpg,/data/Tanulmányok/Képfeldolgozás alap algoritmusai/Féléves feladat/guitar-chord-recognition/data/all/C/1762212394923.jpg,3853.06,original
train,C,1762212394947.jpg,/data/Tanulmányok/Képfeldolgozás alap algoritmusai/Féléves feladat/guitar-chord-recognition/data/all/C/1762212394947.jpg,3851.07,original
train,C,1762212394960.jpg,/data/Tanulmányok/Képfeldolgozás alap algoritmusai/Féléves feladat/guitar-chord-recognition/data/all/C/1762212394960.jpg,4074.53,original
train,C,1762212395008.jpg,/data/Tanulmányok/Képfeldolgozás alap algoritmusai/Féléves feladat/guitar-chord-recognition/data/all/C/1762212395008.jpg,3770.11,original
train,C,1762212395075.jpg,/data/Tanulmányok/Képfeldolgozás alap algoritmusai/Féléves feladat/guitar-chord-recognition/data/all/C/1762212395075.jpg,3892.7,original
train,C,1762212395110.jpg,/data/Tanulmányok/Képfeldolgozás alap algoritmusai/Féléves feladat/guitar-chord-recognition/data/all/C/1762212395110.jpg,3833.05,original
train,C,1762212395149.jpg,/data/Tanulmányok/Képfeldolgozás alap algoritmusai/Féléves feladat/guitar-chord-recognition/data/all/C/1762212395149.jpg,3712.85,original
train,C,1762212395194.jpg,/data/Tanulmányok/Képfeldolgozás alap algoritmusai/Féléves feladat/guitar-chord-recognition/data/all/C/1762212395194.jpg,3787.29,original
train,C,1762212395208.jpg,/data/Tanulmányok/Képfeldolgozás alap algoritmusai/Féléves feladat/guitar-chord-recognition/data/all/C/1762212395208.jpg,3713.97,original
train,C,IMG_20251102_024024.jpg,/data/Tanulmányok/Képfeldolgozás alap algoritmusai/Féléves feladat/guitar-chord-recognition/data/all/C/IMG_20251102_024024.jpg,3607.94,original
train,C,IMG_20251102_024025.jpg,/data/Tanulmányok/Képfeldolgozás alap algoritmusai/Féléves feladat/guitar-chord-recognition/data/all/C/IMG_20251102_024025.jpg,3594.52,original
train,C,IMG_20251102_024026.jpg,/data/Tanulmányok/Képfeldolgozás alap algoritmusai/Féléves feladat/guitar-chord-recognition/data/all/C/IMG_20251102_024026.jpg,3797.21,original
train,C,IMG_20251102_024028_1.jpg,/data/Tanulmányok/Képfeldolgozás alap algoritmusai/Féléves feladat/guitar-chord-recognition/data/all/C/IMG_20251102_024028_1.jpg,3602.21,original
train,C,IMG_20251102_024030.jpg,/data/Tanulmányok/Képfeldolgozás alap algoritmusai/Féléves feladat/guitar-chord-recognition/data/all/C/IMG_20251102_024030.jpg,3693.57,original
train,C,IMG_20251102_024031.jpg,/data/Tanulmányok/Képfeldolgozás alap algoritmusai/Féléves feladat/guitar-chord-recognition/data/all/C/IMG_20251102_024031.jpg,3727.93,original
train,C,IMG_20251102_024031_1.jpg,/data/Tanulmányok/Képfeldolgozás alap algoritmusai/Féléves feladat/guitar-chord-recognition/data/all/C/IMG_20251102_024031_1.jpg,3646.31,original
train,C,IMG_20251102_024032.jpg,/data/Tanulmányok/Képfeldolgozás alap algoritmusai/Féléves feladat/guitar-chord-recognition/data/all/C/IMG_20251102_024032.jpg,3712.74,original
train,C,IMG_20251102_024034_1.jpg,/data/Tanulmányok/Képfeldolgozás alap algoritmusai/Féléves feladat/guitar-chord-recognition/data/all/C/IMG_20251102_024034_1.jpg,3692.38,original
train,C,IMG_20251102_024036.jpg,/data/Tanulmányok/Képfeldolgozás alap algoritmusai/Féléves feladat/guitar-chord-recognition/data/all/C/IMG_20251102_024036.jpg,3712.35,original
train,C,IMG_20251102_024036_1.jpg,/data/Tanulmányok/Képfeldolgozás alap algoritmusai/Féléves feladat/guitar-chord-recognition/data/all/C/IMG_20251102_024036_1.jpg,3604.43,original
train,C,IMG_20251102_024037.jpg,/data/Tanulmányok/Képfeldolgozás alap algoritmusai/Féléves feladat/guitar-chord-recognition/data/all/C/IMG_20251102_024037.jpg,3744.85,original
train,C,IMG_20251102_024038.jpg,/data/Tanulmányok/Képfeldolgozás alap algoritmusai/Féléves feladat/guitar-chord-recognition/data/all/C/IMG_20251102_024038.jpg,3763.01,original
train,C,IMG_20251102_024039.jpg,/data/Tanulmányok/Képfeldolgozás alap algoritmusai/Féléves feladat/guitar-chord-recognition/data/all/C/IMG_20251102_024039.jpg,3710.81,original
train,C,IMG_20251102_024040.jpg,/data/Tanulmányok/Képfeldolgozás alap algoritmusai/Féléves feladat/guitar-chord-recognition/data/all/C/IMG_20251102_024040.jpg,3704.86,original
train,C,IMG_20251102_024040_1.jpg,/data/Tanulmányok/Képfeldolgozás alap algoritmusai/Féléves feladat/guitar-chord-recognition/data/all/C/IMG_20251102_024040_1.jpg,3728.68,original
train,C,IMG_20251102_024041.jpg,/data/Tanulmányok/Képfeldolgozás alap algoritmusai/Féléves feladat/guitar-chord-recognition/data/all/C/IMG_20251102_024041.jpg,3736.56,original
train,C,IMG_20251102_024043_1.jpg,/data/Tanulmányok/Képfeldolgozás alap algoritmusai/Féléves feladat/guitar-chord-recognition/data/all/C/IMG_20251102_024043_1.jpg,3773.44,original
train,D,1762212432627.jpg,/data/Tanulmányok/Képfeldolgozás alap algoritmusai/Féléves feladat/guitar-chord-recognition/data/all/D/1762212432627.jpg,3687.25,original
train,D,1762212432650.jpg,/data/Tanulmányok/Képfeldolgozás alap algoritmusai/Féléves feladat/guitar-chord-recognition/data/all/D/1762212432650.jpg,3810.07,original
train,D,1762212432675.jpg,/data/Tanulmányok/Képfeldolgozás alap algoritmusai/Féléves feladat/guitar-chord-recognition/data/all/D/1762212432675.jpg,4000.86,original
train,D,1762212432692.jpg,/data/Tanulmányok/Képfeldolgozás alap algoritmusai/Féléves feladat/guitar-chord-recognition/data/all/D/1762212432692.jpg,4068.97,original
train,D,1762212432712.jpg,/data/Tanulmányok/Képfeldolgozás alap algoritmusai/Féléves feladat/guitar-chord-recognition/data/all/D/1762212432712.jpg,3935.03,original
train,D,1762212432733.jpg,/data/Tanulmányok/Képfeldolgozás alap algoritmusai/Féléves feladat/guitar-chord-recognition/data/all/D/1762212432733.jpg,3859.45,original
train,D,1762212432774.jpg,/data/Tanulmányok/Képfeldolgozás alap algoritmusai/Féléves feladat/guitar-chord-recognition/data/all/D/1762212432774.jpg,3861.32,original
train,D,1762212432833.jpg,/data/Tanulmányok/Képfeldolgozás alap algoritmusai/Féléves feladat/guitar-chord-recognition/data/all/D/1762212432833.jpg,4044.81,original
train,D,1762212432850.jpg,/data/Tanulmányok/Képfeldolgozás alap algoritmusai/Féléves feladat/guitar-chord-recognition/data/all/D/1762212432850.jpg,4140.86,original
train,D,1762212432879.jpg,/data/Tanulmányok/Képfeldolgozás alap algoritmusai/Féléves feladat/guitar-chord-recognition/data/all/D/1762212432879.jpg,4091.68,original
train,D,1762212432904.jpg,/data/Tanulmányok/Képfeldolgozás alap algoritmusai/Féléves feladat/guitar-chord-recognition/data/all/D/1762212432904.jpg,4400.05,original
train,D,1762212432929.jpg,/data/Tanulmányok/Képfeldolgozás alap algoritmusai/Féléves feladat/guitar-chord-recognition/data/all/D/1762212432929.jpg,3666.92,original
train,D,1762212432956.jpg,/data/Tanulmányok/Képfeldolgozás alap algoritmusai/Féléves feladat/guitar-chord-recognition/data/all/D/1762212432956.jpg,3868.07,original
train,D,1762212432998.jpg,/data/Tanulmányok/Képfeldolgozás alap algoritmusai/Féléves feladat/guitar-chord-recognition/data/all/D/1762212432998.jpg,3852.92,original
train,D,1762212433027.jpg,/data/Tanulmányok/Képfeldolgozás alap algoritmusai/Féléves feladat/guitar-chord-recognition/data/all/D/1762212433027.jpg,3948.33,original
train,D,1762212433050.jpg,/data/Tanulmányok/Képfeldolgozás alap algoritmusai/Féléves feladat/guitar-chord-recognition/data/all/D/1762212433050.jpg,3913.44,original
train,D,1762212433074.jpg,/data/Tanulmányok/Képfeldolgozás alap algoritmusai/Féléves feladat/guitar-chord-recognition/data/all/D/1762212433074.jpg,3995.68,original
train,D,1762212433109.jpg,/data/Tanulmányok/Képfeldolgozás alap algoritmusai/Féléves feladat/guitar-chord-recognition/data/all/D/1762212433109.jpg,3942.98,original
train,D,1762212433134.jpg,/data/Tanulmányok/Képfeldolgozás alap algoritmusai/Féléves feladat/guitar-chord-recognition/data/all/D/1762212433134.jpg,3771.17,original
train,D,1762212433193.jpg,/data/Tanulmányok/Képfeldolgozás alap algoritmusai/Féléves feladat/guitar-chord-recognition/data/all/D/1762212433193.jpg,3991.98,original
train,D,1762212433219.jpg,/data/Tanulmányok/Képfeldolgozás alap algoritmusai/Féléves feladat/guitar-chord-recognition/data/all/D/1762212433219.jpg,3937.23,original
train,D,IMG_20251102_023946.jpg,/data/Tanulmányok/Képfeldolgozás alap algoritmusai/Féléves feladat/guitar-chord-recognition/data/all/D/IMG_20251102_023946.jpg,3699.23,original
train,D,IMG_20251102_023947_1.jpg,/data/Tanulmányok/Képfeldolgozás alap algoritmusai/Féléves feladat/guitar-chord-recognition/data/all/D/IMG_20251102_023947_1.jpg,3820.35,original
train,D,IMG_20251102_023949.jpg,/data/Tanulmányok/Képfeldolgozás alap algoritmusai/Féléves feladat/guitar-chord-recognition/data/all/D/IMG_20251102_023949.jpg,3728.92,original
train,D,IMG_20251102_023949_1.jpg,/data/Tanulmányok/Képfeldolgozás alap algoritmusai/Féléves feladat/guitar-chord-recognition/data/all/D/IMG_20251102_023949_1.jpg,3633.25,original
train,D,IMG_20251102_023950.jpg,/data/Tanulmányok/Képfeldolgozás alap algoritmusai/Féléves feladat/guitar-chord-recognition/data/all/D/IMG_20251102_023950.jpg,3619.83,original
train,D,IMG_20251102_023951.jpg,/data/Tanulmányok/Képfeldolgozás alap algoritmusai/Féléves feladat/guitar-chord-recognition/data/all/D/IMG_20251102_023951.jpg,3637.05,original
train,D,IMG_20251102_023952.jpg,/data/Tanulmányok/Képfeldolgozás alap algoritmusai/Féléves feladat/guitar-chord-recognition/data/all/D/IMG_20251102_023952.jpg,3729.57,original
train,D,IMG_20251102_023953.jpg,/data/Tanulmányok/Képfeldolgozás alap algoritmusai/Féléves feladat/guitar-chord-recognition/data/all/D/IMG_20251102_023953.jpg,3659.22,original
train,D,IMG_20251102_023953_1.jpg,/data/Tanulmányok/Képfeldolgozás alap algoritmusai/Féléves feladat/guitar-chord-recognition/data/all/D/IMG_20251102_023953_1.jpg,3672.17,original
train,D,IMG_20251102_023955.jpg,/data/Tanulmányok/Képfeldolgozás alap algoritmusai/Féléves feladat/guitar-chord-recognition/data/all/D/IMG_20251102_023955.jpg,3596.0,original
train,E,1762212477632.jpg,/data/Tanulmányok/Képfeldolgozás alap algoritmusai/Féléves feladat/guitar-chord-recognition/data/all/E/1762212477632.jpg,3762.79,original
train,E,1762212477661.jpg,/data/Tanulmányok/Képfeldolgozás alap algoritmusai/Féléves feladat/guitar-chord-recognition/data/all/E/1762212477661.jpg,3759.29,original
train,E,1762212477674.jpg,/data/Tanulmányok/Képfeldolgozás alap algoritmusai/Féléves feladat/guitar-chord-recognition/data/all/E/1762212477674.jpg,3830.26,original
train,E,1762212477691.jpg,/data/Tanulmányok/Képfeldolgozás alap algoritmusai/Féléves feladat/guitar-chord-recognition/data/all/E/1762212477691.jpg,3771.42,original
train,E,1762212477745.jpg,/data/Tanulmányok/Képfeldolgozás alap algoritmusai/Féléves feladat/guitar-chord-recognition/data/all/E/1762212477745.jpg,3791.55,original
train,E,1762212477764.jpg,/data/Tanulmányok/Képfeldolgozás alap algoritmusai/Féléves feladat/guitar-chord-recognition/data/all/E/1762212477764.jpg,3737.89,original
train,E,1762212477782.jpg,/data/Tanulmányok/Képfeldolgozás alap algoritmusai/Féléves feladat/guitar-chord-recognition/data/all/E/1762212477782.jpg,3816.93,original
train,E,1762212477827.jpg,/data/Tanulmányok/Képfeldolgozás alap algoritmusai/Féléves feladat/guitar-chord-recognition/data/all/E/1762212477827.jpg,3785.62,original
train,E,1762212477844.jpg,/data/Tanulmányok/Képfeldolgozás alap algoritmusai/Féléves feladat/guitar-chord-recognition/data/all/E/1762212477844.jpg,3864.77,original
train,E,1762212477871.jpg,/data/Tanulmányok/Képfeldolgozás alap algoritmusai/Féléves feladat/guitar-chord-recognition/data/all/E/1762212477871.jpg,3780.36,original
train,E,1762212477909.jpg,/data/Tanulmányok/Képfeldolgozás alap algoritmusai/Féléves feladat/guitar-chord-recognition/data/all/E/1762212477909.jpg,4049.91,original
train,E,1762212477928.jpg,/data/Tanulmányok/Képfeldolgozás alap algoritmusai/Féléves feladat/guitar-chord-recognition/data/all/E/1762212477928.jpg,3848.99,original
train,E,1762212477948.jpg,/data/Tanulmányok/Képfeldolgozás alap algoritmusai/Féléves feladat/guitar-chord-recognition/data/all/E/1762212477948.jpg,4057.33,original
train,E,1762212477965.jpg,/data/Tanulmányok/Képfeldolgozás alap algoritmusai/Féléves feladat/guitar-chord-recognition/data/all/E/1762212477965.jpg,3648.0,original
train,E,1762212477984.jpg,/data/Tanulmányok/Képfeldolgozás alap algoritmusai/Féléves feladat/guitar-chord-recognition/data/all/E/1762212477984.jpg,3857.93,original
train,E,1762212478017.jpg,/data/Tanulmányok/Képfeldolgozás alap algoritmusai/Féléves feladat/guitar-chord-recognition/data/all/E/1762212478017.jpg,3944.29,original
train,E,1762212478036.jpg,/data/Tanulmányok/Képfeldolgozás alap algoritmusai/Féléves feladat/guitar-chord-recognition/data/all/E/1762212478036.jpg,4024.25,original
train,E,IMG_20251102_023651.jpg,/data/Tanulmányok/Képfeldolgozás alap algoritmusai/Féléves feladat/guitar-chord-recognition/data/all/E/IMG_20251102_023651.jpg,3731.33,original
train,E,IMG_20251102_023654.jpg,/data/Tanulmányok/Képfeldolgozás alap algoritmusai/Féléves feladat/guitar-chord-recognition/data/all/E/IMG_20251102_023654.jpg,3767.13,original
train,E,IMG_20251102_023702.jpg,/data/Tanulmányok/Képfeldolgozás alap algoritmusai/Féléves feladat/guitar-chord-recognition/data/all/E/IMG_20251102_023702.jpg,3775.36,original
train,E,IMG_20251102_023707.jpg,/data/Tanulmányok/Képfeldolgozás alap algoritmusai/Féléves feladat/guitar-chord-recognition/data/all/E/IMG_20251102_023707.jpg,4494.24,original
train,E,IMG_20251102_023756.jpg,/data/Tanulmányok/Képfeldolgozás alap algoritmusai/Féléves feladat/guitar-chord-recognition/data/all/E/IMG_20251102_023756.jpg,3824.64,original
train,F,1762212513468.jpg,/data/Tanulmányok/Képfeldolgozás alap algoritmusai/Féléves feladat/guitar-chord-recognition/data/all/F/1762212513468.jpg,3715.6,original
train,F,1762212513510.jpg,/data/Tanulmányok/Képfeldolgozás alap algoritmusai/Féléves feladat/guitar-chord-recognition/data/all/F/1762212513510.jpg,3781.41,original
train,F,1762212513604.jpg,/data/Tanulmányok/Képfeldolgozás alap algoritmusai/Féléves feladat/guitar-chord-recognition/data/all/F/1762212513604.jpg,3730.18,original
train,F,1762212513639.jpg,/data/Tanulmányok/Képfeldolgozás alap algoritmusai/Féléves feladat/guitar-chord-recognition/data/all/F/1762212513639.jpg,3759.54,original
train,F,1762212513684.jpg,/data/Tanulmányok/Képfeldolgozás alap algoritmusai/Féléves feladat/guitar-chord-recognition/data/all/F/1762212513684.jpg,3710.72,original
train,F,1762212513733.jpg,/data/Tanulmányok/Képfeldolgozás alap algoritmusai/Féléves feladat/guitar-chord-recognition/data/all/F/1762212513733.jpg,3939.89,original
train,F,1762212513789.jpg,/data/Tanulmányok/Képfeldolgozás alap algoritmusai/Féléves feladat/guitar-chord-recognition/data/all/F/1762212513789.jpg,3813.0,original
train,F,1762212513833.jpg,/data/Tanulmányok/Képfeldolgozás alap algoritmusai/Féléves feladat/guitar-chord-recognition/data/all/F/1762212513833.jpg,3784.24,original
train,F,1762212513882.jpg,/data/Tanulmányok/Képfeldolgozás alap algoritmusai/Féléves feladat/guitar-chord-recognition/data/all/F/1762212513882.jpg,3883.7,original
train,F,1762212513914.jpg,/data/Tanulmányok/Képfeldolgozás alap algoritmusai/Féléves feladat/guitar-chord-recognition/data/all/F/1762212513914.jpg,3746.06,original
train,F,1762212513965.jpg,/data/Tanulmányok/Képfeldolgozás alap algoritmusai/Féléves feladat/guitar-chord-recognition/data/all/F/1762212513965.jpg,3687.21,original
train,F,1762212513983.jpg,/data/Tanulmányok/Képfeldolgozás alap algoritmusai/Féléves feladat/guitar-chord-recognition/data/all/F/1762212513983.jpg,3782.98,original
train,F,1762212514005.jpg,/data/Tanulmányok/Képfeldolgozás alap algoritmusai/Féléves feladat/guitar-chord-recognition/data/all/F/1762212514005.jpg,3832.82,original
train,F,1762212514026.jpg,/data/Tanulmányok/Képfeldolgozás alap algoritmusai/Féléves feladat/guitar-chord-recognition/data/all/F/1762212514026.jpg,3796.71,original
train,F,1762212514043.jpg,/data/Tanulmányok/Képfeldolgozás alap algoritmusai/Féléves feladat/guitar-chord-recognition/data/all/F/1762212514043.jpg,3799.99,original
train,F,IMG_20251102_023909.jpg,/data/Tanulmányok/Képfeldolgozás alap algoritmusai/Féléves feladat/guitar-chord-recognition/data/all/F/IMG_20251102_023909.jpg,3579.65,original
train,F,IMG_20251102_023911.jpg,/data/Tanulmányok/Képfeldolgozás alap algoritmusai/Féléves feladat/guitar-chord-recognition/data/all/F/IMG_20251102_023911.jpg,3575.63,original
train,F,IMG_20251102_023912.jpg,/data/Tanulmányok/Képfeldolgozás alap algoritmusai/Féléves feladat/guitar-chord-recognition/data/all/F/IMG_20251102_023912.jpg,3619.04,original
train,F,IMG_20251102_023913.jpg,/data/Tanulmányok/Képfeldolgozás alap algoritmusai/Féléves feladat/guitar-chord-recognition/data/all/F/IMG_20251102_023913.jpg,3652.52,original
train,F,IMG_20251102_023915.jpg,/data/Tanulmányok/Képfeldolgozás alap algoritmusai/Féléves feladat/guitar-chord-recognition/data/all/F/IMG_20251102_023915.jpg,3586.26,original
train,F,IMG_20251102_023917.jpg,/data/Tanulmányok/Képfeldolgozás alap algoritmusai/Féléves feladat/guitar-chord-recognition/data/all/F/IMG_20251102_023917.jpg,3680.79,original
train,F,IMG_20251102_023918.jpg,/data/Tanulmányok/Képfeldolgozás alap algoritmusai/Féléves feladat/guitar-chord-recognition/data/all/F/IMG_20251102_023918.jpg,3597.17,original
train,F,IMG_20251102_023918_1.jpg,/data/Tanulmányok/Képfeldolgozás alap algoritmusai/Féléves feladat/guitar-chord-recognition/data/all/F/IMG_20251102_023918_1.jpg,3679.07,original
train,F,IMG_20251102_023920.jpg,/data/Tanulmányok/Képfeldolgozás alap algoritmusai/Féléves feladat/guitar-chord-recognition/data/all/F/IMG_20251102_023920.jpg,3768.67,original
train,F,IMG_20251102_023921.jpg,/data/Tanulmányok/Képfeldolgozás alap algoritmusai/Féléves feladat/guitar-chord-recognition/data/all/F/IMG_20251102_023921.jpg,3672.97,original
train,F,IMG_20251102_023927_1.jpg,/data/Tanulmányok/Képfeldolgozás alap algoritmusai/Féléves feladat/guitar-chord-recognition/data/all/F/IMG_20251102_023927_1.jpg,3600.18,original
train,F,IMG_20251102_023928.jpg,/data/Tanulmányok/Képfeldolgozás alap algoritmusai/Féléves feladat/guitar-chord-recognition/data/all/F/IMG_20251102_023928.jpg,3521.91,original
train,F,IMG_20251102_023929.jpg,/data/Tanulmányok/Képfeldolgozás alap algoritmusai/Féléves feladat/guitar-chord-recognition/data/all/F/IMG_20251102_023929.jpg,3647.57,original
train,F,IMG_20251102_023931.jpg,/data/Tanulmányok/Képfeldolgozás alap algoritmusai/Féléves feladat/guitar-chord-recognition/data/all/F/IMG_20251102_023931.jpg,3672.04,original
train,F,IMG_20251102_023931_1.jpg,/data/Tanulmányok/Képfeldolgozás alap algoritmusai/Féléves feladat/guitar-chord-recognition/data/all/F/IMG_20251102_023931_1.jpg,3638.24,original
train,F,IMG_20251102_023932.jpg,/data/Tanulmányok/Képfeldolgozás alap algoritmusai/Féléves feladat/guitar-chord-recognition/data/all/F/IMG_20251102_023932.jpg,3662.41,original
train,F,IMG_20251102_023932_1.jpg,/data/Tanulmányok/Képfeldolgozás alap algoritmusai/Féléves feladat/guitar-chord-recognition/data/all/F/IMG_20251102_023932_1.jpg,3723.89,original
train,F,IMG_20251102_023933.jpg,/data/Tanulmányok/Képfeldolgozás alap algoritmusai/Féléves feladat/guitar-chord-recognition/data/all/F/IMG_20251102_023933.jpg,3636.2,original
train,F,IMG_20251102_023934.jpg,/data/Tanulmányok/Képfeldolgozás alap algoritmusai/Féléves feladat/guitar-chord-recognition/data/all/F/IMG_20251102_023934.jpg,3611.11,original
train,G,1762212557635.jpg,/data/Tanulmányok/Képfeldolgozás alap algoritmusai/Féléves feladat/guitar-chord-recognition/data/all/G/1762212557635.jpg,3831.36,original
train,G,1762212557881.jpg,/data/Tanulmányok/Képfeldolgozás alap algoritmusai/Féléves feladat/guitar-chord-recognition/data/all/G/1762212557881.jpg,3847.0,original
train,G,1762212557906.jpg,/data/Tanulmányok/Képfeldolgozás alap algoritmusai/Féléves feladat/guitar-chord-recognition/data/all/G/1762212557906.jpg,3833.86,original
train,G,1762212557924.jpg,/data/Tanulmányok/Képfeldolgozás alap algoritmusai/Féléves feladat/guitar-chord-recognition/data/all/G/1762212557924.jpg,3787.63,original
train,G,1762212557942.jpg,/data/Tanulmányok/Képfeldolgozás alap algoritmusai/Féléves feladat/guitar-chord-recognition/data/all/G/1762212557942.jpg,3740.92,original
train,G,1762212557956.jpg,/data/Tanulmányok/Képfeldolgozás alap algoritmusai/Féléves feladat/guitar-chord-recognition/data/all/G/1762212557956.jpg,3793.37,original
train,G,1762212557984.jpg,/data/Tanulmányok/Képfeldolgozás alap algoritmusai/Féléves feladat/guitar-chord-recognition/data/all/G/1762212557984.jpg,3948.74,original
train,G,1762212558011.jpg,/data/Tanulmányok/Képfeldolgozás alap algoritmusai/Féléves feladat/guitar-chord-recognition/data/all/G/1762212558011.jpg,4482.44,original
train,G,1762212558090.jpg,/data/Tanulmányok/Képfeldolgozás alap algoritmusai/Féléves feladat/guitar-chord-recognition/data/all/G/1762212558090.jpg,3831.79,original
train,G,1762212558114.jpg,/data/Tanulmányok/Képfeldolgozás alap algoritmusai/Féléves feladat/guitar-chord-recognition/data/all/G/1762212558114.jpg,3769.99,original
train,G,1762212558132.jpg,/data/Tanulmányok/Képfeldolgozás alap algoritmusai/Féléves feladat/guitar-chord-recognition/data/all/G/1762212558132.jpg,3902.99,original
train,G,1762212558149.jpg,/data/Tanulmányok/Képfeldolgozás alap algoritmusai/Féléves feladat/guitar-chord-recognition/data/all/G/1762212558149.jpg,3898.68,original
train,G,1762212558165.jpg,/data/Tanulmányok/Képfeldolgozás alap algoritmusai/Féléves feladat/guitar-chord-recognition/data/all/G/1762212558165.jpg,3890.27,original
train,G,1762212558182.jpg,/data/Tanulmányok/Képfeldolgozás alap algoritmusai/Féléves feladat/guitar-chord-recognition/data/all/G/1762212558182.jpg,3784.95,original
train,G,_storage_emulated_0_Android_data_com.miui.gallery_cache_SecurityShare_1762212557598.jpg,/data/Tanulmányok/Képfeldolgozás alap algoritmusai/Féléves feladat/guitar-chord-recognition/data/all/G/_storage_emulated_0_Android_data_com.miui.gallery_cache_SecurityShare_1762212557598.jpg,3977.01,original
train,No hand,IMG_20251102_023812.jpg,/data/Tanulmányok/Képfeldolgozás alap algoritmusai/Féléves feladat/guitar-chord-recognition/data/all/No hand/IMG_20251102_023812.jpg,3945.34,original
train,No hand,IMG_20251102_023813.jpg,/data/Tanulmányok/Képfeldolgozás alap algoritmusai/Féléves feladat/guitar-chord-recognition/data/all/No hand/IMG_20251102_023813.jpg,3878.28,original
train,No hand,IMG_20251102_023815.jpg,/data/Tanulmányok/Képfeldolgozás alap algoritmusai/Féléves feladat/guitar-chord-recognition/data/all/No hand/IMG_20251102_023815.jpg,3676.27,original
train,No hand,IMG_20251102_023816.jpg,/data/Tanulmányok/Képfeldolgozás alap algoritmusai/Féléves feladat/guitar-chord-recognition/data/all/No hand/IMG_20251102_023816.jpg,3922.16,original
train,No hand,IMG_20251102_023828.jpg,/data/Tanulmányok/Képfeldolgozás alap algoritmusai/Féléves feladat/guitar-chord-recognition/data/all/No hand/IMG_20251102_023828.jpg,3884.92,original
train,No hand,IMG_20251102_023828_1.jpg,/data/Tanulmányok/Képfeldolgozás alap algoritmusai/Féléves feladat/guitar-chord-recognition/data/all/No hand/IMG_20251102_023828_1.jpg,4037.47,original
train,No hand,IMG_20251102_023829.jpg,/data/Tanulmányok/Képfeldolgozás alap algoritmusai/Féléves feladat/guitar-chord-recognition/data/all/No hand/IMG_20251102_023829.jpg,3972.61,original
train,No hand,IMG_20251102_023830.jpg,/data/Tanulmányok/Képfeldolgozás alap algoritmusai/Féléves feladat/guitar-chord-recognition/data/all/No hand/IMG_20251102_023830.jpg,4435.14,original
train,No hand,IMG_20251102_023834_1.jpg,/data/Tanulmányok/Képfeldolgozás alap algoritmusai/Féléves feladat/guitar-chord-recognition/data/all/No hand/IMG_20251102_023834_1.jpg,4611.77,original
train,No hand,IMG_20251102_023835.jpg,/data/Tanulmányok/Képfeldolgozás alap algoritmusai/Féléves feladat/guitar-chord-recognition/data/all/No hand/IMG_20251102_023835.jpg,4622.28,original
val,A,1762212326216.jpg,/data/Tanulmányok/Képfeldolgozás alap algoritmusai/Féléves feladat/guitar-chord-recognition/data/all/A/1762212326216.jpg,4043.33,original
val,A,IMG_20251102_023844.jpg,/data/Tanulmányok/Képfeldolgozás alap algoritmusai/Féléves feladat/guitar-chord-recognition/data/all/A/IMG_20251102_023844.jpg,3701.66,original
val,A,IMG_20251102_023845.jpg,/data/Tanulmányok/Képfeldolgozás alap algoritmusai/Féléves feladat/guitar-chord-recognition/data/all/A/IMG_20251102_023845.jpg,3752.56,original
val,A,IMG_20251102_023847.jpg,/data/Tanulmányok/Képfeldolgozás alap algoritmusai/Féléves feladat/guitar-chord-recognition/data/all/A/IMG_20251102_023847.jpg,3649.88,original
val,A,IMG_20251102_023850_1.jpg,/data/Tanulmányok/Képfeldolgozás alap algoritmusai/Féléves feladat/guitar-chord-recognition/data/all/A/IMG_20251102_023850_1.jpg,3601.24,original
val,B,1762212364264.jpg,/data/Tanulmányok/Képfeldolgozás alap algoritmusai/Féléves feladat/guitar-chord-recognition/data/all/B/1762212364264.jpg,3754.68,original
val,B,1762212364323.jpg,/data/Tanulmányok/Képfeldolgozás alap algoritmusai/Féléves feladat/guitar-chord-recognition/data/all/B/1762212364323.jpg,4007.68,original
val,B,1762212364429.jpg,/data/Tanulmányok/Képfeldolgozás alap algoritmusai/Féléves feladat/guitar-chord-recognition/data/all/B/1762212364429.jpg,3902.72,original
val,B,1762212364468.jpg,/data/Tanulmányok/Képfeldolgozás alap algoritmusai/Féléves feladat/guitar-chord-recognition/data/all/B/1762212364468.jpg,3927.52,original
val,B,IMG_20251102_024128.jpg,/data/Tanulmányok/Képfeldolgozás alap algoritmusai/Féléves feladat/guitar-chord-recognition/data/all/B/IMG_20251102_024128.jpg,4108.45,original
val,B,IMG_20251102_024135.jpg,/data/Tanulmányok/Képfeldolgozás alap algoritmusai/Féléves feladat/guitar-chord-recognition/data/all/B/IMG_20251102_024135.jpg,3716.34,original
val,B,IMG_20251102_024323.jpg,/data/Tanulmányok/Képfeldolgozás alap algoritmusai/Féléves feladat/guitar-chord-recognition/data/all/B/IMG_20251102_024323.jpg,4017.17,original
val,B,IMG_20251102_024328.jpg,/data/Tanulmányok/Képfeldolgozás alap algoritmusai/Féléves feladat/guitar-chord-recognition/data/all/B/IMG_20251102_024328.jpg,3705.18,original
val,C,1762212394985.jpg,/data/Tanulmányok/Képfeldolgozás alap algoritmusai/Féléves feladat/guitar-chord-recognition/data/all/C/1762212394985.jpg,3880.48,original
val,C,1762212395179.jpg,/data/Tanulmányok/Képfeldolgozás alap algoritmusai/Féléves feladat/guitar-chord-recognition/data/all/C/1762212395179.jpg,3792.57,original
val,C,IMG_20251102_024026_1.jpg,/data/Tanulmányok/Képfeldolgozás alap algoritmusai/Féléves feladat/guitar-chord-recognition/data/all/C/IMG_20251102_024026_1.jpg,3726.8,original
val,C,IMG_20251102_024027.jpg,/data/Tanulmányok/Képfeldolgozás alap algoritmusai/Féléves feladat/guitar-chord-recognition/data/all/C/IMG_20251102_024027.jpg,3809.72,original
val,C,IMG_20251102_024028.jpg,/data/Tanulmányok/Képfeldolgozás alap algoritmusai/Féléves feladat/guitar-chord-recognition/data/all/C/IMG_20251102_024028.jpg,3658.45,original
val,C,IMG_20251102_024038_1.jpg,/data/Tanulmányok/Képfeldolgozás alap algoritmusai/Féléves feladat/guitar-chord-recognition/data/all/C/IMG_20251102_024038_1.jpg,3702.14,original
val,C,IMG_20251102_024043.jpg,/data/Tanulmányok/Képfeldolgozás alap algoritmusai/Féléves feladat/guitar-chord-recognition/data/all/C/IMG_20251102_024043.jpg,3846.26,original
val,D,1762212433158.jpg,/data/Tanulmányok/Képfeldolgozás alap algoritmusai/Féléves feladat/guitar-chord-recognition/data/all/D/1762212433158.jpg,3892.09,original
val,D,1762212433239.jpg,/data/Tanulmányok/Képfeldolgozás alap algoritmusai/Féléves feladat/guitar-chord-recognition/data/all/D/1762212433239.jpg,3826.84,original
val,D,IMG_20251102_023951_1.jpg,/data/Tanulmányok/Képfeldolgozás alap algoritmusai/Féléves feladat/guitar-chord-recognition/data/all/D/IMG_20251102_023951_1.jpg,3698.28,original
val,D,IMG_20251102_023954.jpg,/data/Tanulmányok/Képfeldolgozás alap algoritmusai/Féléves feladat/guitar-chord-recognition/data/all/D/IMG_20251102_023954.jpg,3589.82,original
val,D,IMG_20251102_023954_1.jpg,/data/Tanulmányok/Képfeldolgozás alap algoritmusai/Féléves feladat/guitar-chord-recognition/data/all/D/IMG_20251102_023954_1.jpg,3740.28,original
val,D,IMG_20251102_023955_1.jpg,/data/Tanulmányok/Képfeldolgozás alap algoritmusai/Féléves feladat/guitar-chord-recognition/data/all/D/IMG_20251102_023955_1.jpg,3723.88,original
val,E,1762212477705.jpg,/data/Tanulmányok/Képfeldolgozás alap algoritmusai/Féléves feladat/guitar-chord-recognition/data/all/E/1762212477705.jpg,3740.48,original
val,E,1762212477794.jpg,/data/Tanulmányok/Képfeldolgozás alap algoritmusai/Féléves feladat/guitar-chord-recognition/data/all/E/1762212477794.jpg,3836.89,original
val,E,1762212477808.jpg,/data/Tanulmányok/Képfeldolgozás alap algoritmusai/Féléves feladat/guitar-chord-recognition/data/all/E/1762212477808.jpg,3766.52,original
val,E,1762212478001.jpg,/data/Tanulmányok/Képfeldolgozás alap algoritmusai/Féléves feladat/guitar-chord-recognition/data/all/E/1762212478001.jpg,4015.43,original
val,E,IMG_20251102_023721.jpg,/data/Tanulmányok/Képfeldolgozás alap algoritmusai/Féléves feladat/guitar-chord-recognition/data/all/E/IMG_20251102_023721.jpg,4227.38,original
val,F,1762212513491.jpg,/data/Tanulmányok/Képfeldolgozás alap algoritmusai/Féléves feladat/guitar-chord-recognition/data/all/F/1762212513491.jpg,3745.77,original
val,F,1762212513702.jpg,/data/Tanulmányok/Képfeldolgozás alap algoritmusai/Féléves feladat/guitar-chord-recognition/data/all/F/1762212513702.jpg,3820.91,original
val,F,1762212513852.jpg,/data/Tanulmányok/Képfeldolgozás alap algoritmusai/Féléves feladat/guitar-chord-recognition/data/all/F/1762212513852.jpg,3874.16,original
val,F,1762212513941.jpg,/data/Tanulmányok/Képfeldolgozás alap algoritmusai/Féléves feladat/guitar-chord-recognition/data/all/F/1762212513941.jpg,3831.08,original
val,F,IMG_20251102_023910.jpg,/data/Tanulmányok/Képfeldolgozás alap algoritmusai/Féléves feladat/guitar-chord-recognition/data/all/F/IMG_20251102_023910.jpg,3609.02,original
val,F,IMG_20251102_023912_1.jpg,/data/Tanulmányok/Képfeldolgozás alap algoritmusai/Féléves feladat/guitar-chord-recognition/data/all/F/IMG_20251102_023912_1.jpg,3667.35,original
val,F,IMG_20251102_023916.jpg,/data/Tanulmányok/Képfeldolgozás alap algoritmusai/Féléves feladat/guitar-chord-recognition/data/all/F/IMG_20251102_023916.jpg,3717.09,original
val,F,IMG_20251102_023919.jpg,/data/Tanulmányok/Képfeldolgozás alap algoritmusai/Féléves feladat/guitar-chord-recognition/data/all/F/IMG_20251102_023919.jpg,3749.59,original
val,G,1762212557612.jpg,/data/Tanulmányok/Képfeldolgozás alap algoritmusai/Féléves feladat/guitar-chord-recognition/data/all/G/1762212557612.jpg,4490.01,original
val,G,1762212558073.jpg,/data/Tanulmányok/Képfeldolgozás alap algoritmusai/Féléves feladat/guitar-chord-recognition/data/all/G/1762212558073.jpg,3780.74,original
val,G,1762212558209.jpg,/data/Tanulmányok/Képfeldolgozás alap algoritmusai/Féléves feladat/guitar-chord-recognition/data/all/G/1762212558209.jpg,3728.45,original
val,No hand,IMG_20251102_023832.jpg,/data/Tanulmányok/Képfeldolgozás alap algoritmusai/Féléves feladat/guitar-chord-recognition/data/all/No hand/IMG_20251102_023832.jpg,4468.56,original
val,No hand,IMG_20251102_023834.jpg,/data/Tanulmányok/Képfeldolgozás alap algoritmusai/Féléves feladat/guitar-chord-recognition/data/all/No hand/IMG_20251102_023834.jpg,4704.71,original
val,No hand,IMG_20251102_023836.jpg,/data/Tanulmányok/Képfeldolgozás alap algoritmusai/Féléves feladat/guitar-chord-recognition/data/all/No hand/IMG_20251102_023836.jpg,4690.11,original
train,A,IMG_20251102_023851_aug0000.jpg,/data/Tanulmányok/Képfeldolgozás alap algoritmusai/Féléves feladat/guitar-chord-recognition/data/augmented/A/IMG_20251102_023851_aug0000.jpg,5543.88,augmented
train,A,1762212326380_aug0001.jpg,/data/Tanulmányok/Képfeldolgozás alap algoritmusai/Féléves feladat/guitar-chord-recognition/data/augmented/A/1762212326380_aug0001.jpg,1609.02,augmented
train,A,IMG_20251102_023850_aug0002.jpg,/data/Tanulmányok/Képfeldolgozás alap algoritmusai/Féléves feladat/guitar-chord-recognition/data/augmented/A/IMG_20251102_023850_aug0002.jpg,1358.42,augmented
train,A,IMG_20251102_023854_aug0003.jpg,/data/Tanulmányok/Képfeldolgozás alap algoritmusai/Féléves feladat/guitar-chord-recognition/data/augmented/A/IMG_20251102_023854_aug0003.jpg,4175.23,augmented
train,A,IMG_20251102_023849_aug0004.jpg,/data/Tanulmányok/Képfeldolgozás alap algoritmusai/Féléves feladat/guitar-chord-recognition/data/augmented/A/IMG_20251102_023849_aug0004.jpg,2733.39,augmented
train,A,IMG_20251102_023848_aug0005.jpg,/data/Tanulmányok/Képfeldolgozás alap algoritmusai/Féléves feladat/guitar-chord-recognition/data/augmented/A/IMG_20251102_023848_aug0005.jpg,2451.38,augmented
train,A,1762212326234_aug0006.jpg,/data/Tanulmányok/Képfeldolgozás alap algoritmusai/Féléves feladat/guitar-chord-recognition/data/augmented/A/1762212326234_aug0006.jpg,8365.46,augmented
train,A,1762212326193_aug0007.jpg,/data/Tanulmányok/Képfeldolgozás alap algoritmusai/Féléves feladat/guitar-chord-recognition/data/augmented/A/1762212326193_aug0007.jpg,2021.43,augmented
train,A,1762212326347_aug0008.jpg,/data/Tanulmányok/Képfeldolgozás alap algoritmusai/Féléves feladat/guitar-chord-recognition/data/augmented/A/1762212326347_aug0008.jpg,1417.34,augmented
train,A,1762212326133_aug0009.jpg,/data/Tanulmányok/Képfeldolgozás alap algoritmusai/Féléves feladat/guitar-chord-recognition/data/augmented/A/1762212326133_aug0009.jpg,1579.25,augmented
train,A,1762212326034_aug0010.jpg,/data/Tanulmányok/Képfeldolgozás alap algoritmusai/Féléves feladat/guitar-chord-recognition/data/augmented/A/1762212326034_aug0010.jpg,1528.03,augmented
train,A,IMG_20251102_023852_aug0011.jpg,/data/Tanulmányok/Képfeldolgozás alap algoritmusai/Féléves feladat/guitar-chord-recognition/data/augmented/A/IMG_20251102_023852_aug0011.jpg,1824.38,augmented
train,A,1762212326513_aug0012.jpg,/data/Tanulmányok/Képfeldolgozás alap algoritmusai/Féléves feladat/guitar-chord-recognition/data/augmented/A/1762212326513_aug0012.jpg,3688.22,augmented
train,A,1762212326173_aug0013.jpg,/data/Tanulmányok/Képfeldolgozás alap algoritmusai/Féléves feladat/guitar-chord-recognition/data/augmented/A/1762212326173_aug0013.jpg,1634.87,augmented
train,A,1762212326435_aug0014.jpg,/data/Tanulmányok/Képfeldolgozás alap algoritmusai/Féléves feladat/guitar-chord-recognition/data/augmented/A/1762212326435_aug0014.jpg,6903.09,augmented
train,A,IMG_20251102_023847_1_aug0015.jpg,/data/Tanulmányok/Képfeldolgozás alap algoritmusai/Féléves feladat/guitar-chord-recognition/data/augmented/A/IMG_20251102_023847_1_aug0015.jpg,6747.98,augmented
train,A,IMG_20251102_023853_1_aug0016.jpg,/data/Tanulmányok/Képfeldolgozás alap algoritmusai/Féléves feladat/guitar-chord-recognition/data/augmented/A/IMG_20251102_023853_1_aug0016.jpg,7804.59,augmented
train,A,1762212326103_aug0017.jpg,/data/Tanulmányok/Képfeldolgozás alap algoritmusai/Féléves feladat/guitar-chord-recognition/data/augmented/A/1762212326103_aug0017.jpg,2195.13,augmented
train,A,1762212326155_aug0018.jpg,/data/Tanulmányok/Képfeldolgozás alap algoritmusai/Féléves feladat/guitar-chord-recognition/data/augmented/A/1762212326155_aug0018.jpg,3549.02,augmented
train,A,IMG_20251102_023853_aug0019.jpg,/data/Tanulmányok/Képfeldolgozás alap algoritmusai/Féléves feladat/guitar-chord-recognition/data/augmented/A/IMG_20251102_023853_aug0019.jpg,2712.05,augmented
train,A,1762212326074_aug0020.jpg,/data/Tanulmányok/Képfeldolgozás alap algoritmusai/Féléves feladat/guitar-chord-recognition/data/augmented/A/1762212326074_aug0020.jpg,8524.31,augmented
train,A,IMG_20251102_023846_aug0021.jpg,/data/Tanulmányok/Képfeldolgozás alap algoritmusai/Féléves feladat/guitar-chord-recognition/data/augmented/A/IMG_20251102_023846_aug0021.jpg,1734.07,augmented
train,A,1762212326293_aug0022.jpg,/data/Tanulmányok/Képfeldolgozás alap algoritmusai/Féléves feladat/guitar-chord-recognition/data/augmented/A/1762212326293_aug0022.jpg,3353.53,augmented
train,A,IMG_20251102_023851_aug0023.jpg,/data/Tanulmányok/Képfeldolgozás alap algoritmusai/Féléves feladat/guitar-chord-recognition/data/augmented/A/IMG_20251102_023851_aug0023.jpg,1796.15,augmented
train,A,1762212326380_aug0024.jpg,/data/Tanulmányok/Képfeldolgozás alap algoritmusai/Féléves feladat/guitar-chord-recognition/data/augmented/A/1762212326380_aug0024.jpg,1298.5,augmented
train,A,IMG_20251102_023850_aug0025.jpg,/data/Tanulmányok/Képfeldolgozás alap algoritmusai/Féléves feladat/guitar-chord-recognition/data/augmented/A/IMG_20251102_023850_aug0025.jpg,3410.82,augmented
train,A,IMG_20251102_023854_aug0026.jpg,/data/Tanulmányok/Képfeldolgozás alap algoritmusai/Féléves feladat/guitar-chord-recognition/data/augmented/A/IMG_20251102_023854_aug0026.jpg,2029.93,augmented
train,B,1762212364099_aug0000.jpg,/data/Tanulmányok/Képfeldolgozás alap algoritmusai/Féléves feladat/guitar-chord-recognition/data/augmented/B/1762212364099_aug0000.jpg,1679.93,augmented
train,B,IMG_20251102_024129_aug0001.jpg,/data/Tanulmányok/Képfeldolgozás alap algoritmusai/Féléves feladat/guitar-chord-recognition/data/augmented/B/IMG_20251102_024129_aug0001.jpg,1778.71,augmented
train,B,IMG_20251102_024131_aug0002.jpg,/data/Tanulmányok/Képfeldolgozás alap algoritmusai/Féléves feladat/guitar-chord-recognition/data/augmented/B/IMG_20251102_024131_aug0002.jpg,2292.17,augmented
train,B,1762212364084_aug0003.jpg,/data/Tanulmányok/Képfeldolgozás alap algoritmusai/Féléves feladat/guitar-chord-recognition/data/augmented/B/1762212364084_aug0003.jpg,6767.83,augmented
train,B,IMG_20251102_024330_aug0004.jpg,/data/Tanulmányok/Képfeldolgozás alap algoritmusai/Féléves feladat/guitar-chord-recognition/data/augmented/B/IMG_20251102_024330_aug0004.jpg,1919.76,augmented
train,B,1762212364065_aug0005.jpg,/data/Tanulmányok/Képfeldolgozás alap algoritmusai/Féléves feladat/guitar-chord-recognition/data/augmented/B/1762212364065_aug0005.jpg,1848.07,augmented
train,B,IMG_20251102_024134_aug0006.jpg,/data/Tanulmányok/Képfeldolgozás alap algoritmusai/Féléves feladat/guitar-chord-recognition/data/augmented/B/IMG_20251102_024134_aug0006.jpg,8498.44,augmented
train,B,1762212364363_aug0007.jpg,/data/Tanulmányok/Képfeldolgozás alap algoritmusai/Féléves feladat/guitar-chord-recognition/data/augmented/B/1762212364363_aug0007.jpg,4917.55,augmented
train,B,IMG_20251102_024336_aug0008.jpg,/data/Tanulmányok/Képfeldolgozás alap algoritmusai/Féléves feladat/guitar-chord-recognition/data/augmented/B/IMG_20251102_024336_aug0008.jpg,1610.53,augmented
train,B,1762212364232_aug0009.jpg,/data/Tanulmányok/Képfeldolgozás alap algoritmusai/Féléves feladat/guitar-chord-recognition/data/augmented/B/1762212364232_aug0009.jpg,1375.91,augmented
train,B,IMG_20251102_024324_aug0010.jpg,/data/Tanulmányok/Képfeldolgozás alap algoritmusai/Féléves feladat/guitar-chord-recognition/data/augmented/B/IMG_20251102_024324_aug0010.jpg,1591.33,augmented
train,C,IMG_20251102_024031_aug0000.jpg,/data/Tanulmányok/Képfeldolgozás alap algoritmusai/Féléves feladat/guitar-chord-recognition/data/augmented/C/IMG_20251102_024031_aug0000.jpg,1748.76,augmented
train,C,IMG_20251102_024040_1_aug0001.jpg,/data/Tanulmányok/Képfeldolgozás alap algoritmusai/Féléves feladat/guitar-chord-recognition/data/augmented/C/IMG_20251102_024040_1_aug0001.jpg,2769.43,augmented
train,C,1762212394960_aug0002.jpg,/data/Tanulmányok/Képfeldolgozás alap algoritmusai/Féléves feladat/guitar-chord-recognition/data/augmented/C/1762212394960_aug0002.jpg,3565.17,augmented
train,C,1762212395149_aug0003.jpg,/data/Tanulmányok/Képfeldolgozás alap algoritmusai/Féléves feladat/guitar-chord-recognition/data/augmented/C/1762212395149_aug0003.jpg,2788.78,augmented
train,C,IMG_20251102_024043_1_aug0004.jpg,/data/Tanulmányok/Képfeldolgozás alap algoritmusai/Féléves feladat/guitar-chord-recognition/data/augmented/C/IMG_20251102_024043_1_aug0004.jpg,5667.15,augmented
train,C,IMG_20251102_024026_aug0005.jpg,/data/Tanulmányok/Képfeldolgozás alap algoritmusai/Féléves feladat/guitar-chord-recognition/data/augmented/C/IMG_20251102_024026_aug0005.jpg,4629.31,augmented
train,C,1762212395194_aug0006.jpg,/data/Tanulmányok/Képfeldolgozás alap algoritmusai/Féléves feladat/guitar-chord-recognition/data/augmented/C/1762212395194_aug0006.jpg,1775.34,augmented
train,C,IMG_20251102_024025_aug0007.jpg,/data/Tanulmányok/Képfeldolgozás alap algoritmusai/Féléves feladat/guitar-chord-recognition/data/augmented/C/IMG_20251102_024025_aug0007.jpg,6961.14,augmented
train,C,IMG_20251102_024038_aug0008.jpg,/data/Tanulmányok/Képfeldolgozás alap algoritmusai/Féléves feladat/guitar-chord-recognition/data/augmented/C/IMG_20251102_024038_aug0008.jpg,1690.08,augmented
train,C,IMG_20251102_024024_aug0009.jpg,/data/Tanulmányok/Képfeldolgozás alap algoritmusai/Féléves feladat/guitar-chord-recognition/data/augmented/C/IMG_20251102_024024_aug0009.jpg,1725.75,augmented
train,C,1762212395008_aug0010.jpg,/data/Tanulmányok/Képfeldolgozás alap algoritmusai/Féléves feladat/guitar-chord-recognition/data/augmented/C/1762212395008_aug0010.jpg,2208.21,augmented
train,C,1762212394947_aug0011.jpg,/data/Tanulmányok/Képfeldolgozás alap algoritmusai/Féléves feladat/guitar-chord-recognition/data/augmented/C/1762212394947_aug0011.jpg,1881.87,augmented
train,C,1762212394873_aug0012.jpg,/data/Tanulmányok/Képfeldolgozás alap algoritmusai/Féléves feladat/guitar-chord-recognition/data/augmented/C/1762212394873_aug0012.jpg,2858.19,augmented
train,C,1762212394823_aug0013.jpg,/data/Tanulmányok/Képfeldolgozás alap algoritmusai/Féléves feladat/guitar-chord-recognition/data/augmented/C/1762212394823_aug0013.jpg,2709.57,augmented
train,C,IMG_20251102_024037_aug0014.jpg,/data/Tanulmányok/Képfeldolgozás alap algoritmusai/Féléves feladat/guitar-chord-recognition/data/augmented/C/IMG_20251102_024037_aug0014.jpg,2795.56,augmented
train,C,IMG_20251102_024039_aug0015.jpg,/data/Tanulmányok/Képfeldolgozás alap algoritmusai/Féléves feladat/guitar-chord-recognition/data/augmented/C/IMG_20251102_024039_aug0015.jpg,1844.02,augmented
train,C,1762212394899_aug0016.jpg,/data/Tanulmányok/Képfeldolgozás alap algoritmusai/Féléves feladat/guitar-chord-recognition/data/augmented/C/1762212394899_aug0016.jpg,4663.1,augmented
train,D,1762212432712_aug0000.jpg,/data/Tanulmányok/Képfeldolgozás alap algoritmusai/Féléves feladat/guitar-chord-recognition/data/augmented/D/1762212432712_aug0000.jpg,1248.07,augmented
train,D,IMG_20251102_023953_1_aug0001.jpg,/data/Tanulmányok/Képfeldolgozás alap algoritmusai/Féléves feladat/guitar-chord-recognition/data/augmented/D/IMG_20251102_023953_1_aug0001.jpg,4303.52,augmented
train,D,IMG_20251102_023950_aug0002.jpg,/data/Tanulmányok/Képfeldolgozás alap algoritmusai/Féléves feladat/guitar-chord-recognition/data/augmented/D/IMG_20251102_023950_aug0002.jpg,1596.75,augmented
train,D,IMG_20251102_023949_1_aug0003.jpg,/data/Tanulmányok/Képfeldolgozás alap algoritmusai/Féléves feladat/guitar-chord-recognition/data/augmented/D/IMG_20251102_023949_1_aug0003.jpg,1686.67,augmented
train,D,1762212432627_aug0004.jpg,/data/Tanulmányok/Képfeldolgozás alap algoritmusai/Féléves feladat/guitar-chord-recognition/data/augmented/D/1762212432627_aug0004.jpg,3421.78,augmented
train,D,1762212433219_aug0005.jpg,/data/Tanulmányok/Képfeldolgozás alap algoritmusai/Féléves feladat/guitar-chord-recognition/data/augmented/D/1762212433219_aug0005.jpg,3790.38,augmented
train,D,IMG_20251102_023947_1_aug0006.jpg,/data/Tanulmányok/Képfeldolgozás alap algoritmusai/Féléves feladat/guitar-chord-recognition/data/augmented/D/IMG_20251102_023947_1_aug0006.jpg,1333.63,augmented
train,D,IMG_20251102_023946_aug0007.jpg,/data/Tanulmányok/Képfeldolgozás alap algoritmusai/Féléves feladat/guitar-chord-recognition/data/augmented/D/IMG_20251102_023946_aug0007.jpg,1625.88,augmented
train,D,1762212433027_aug0008.jpg,/data/Tanulmányok/Képfeldolgozás alap algoritmusai/Féléves feladat/guitar-chord-recognition/data/augmented/D/1762212433027_aug0008.jpg,1463.09,augmented
train,D,1762212433074_aug0009.jpg,/data/Tanulmányok/Képfeldolgozás alap algoritmusai/Féléves feladat/guitar-chord-recognition/data/augmented/D/1762212433074_aug0009.jpg,5270.67,augmented
train,D,1762212433134_aug0010.jpg,/data/Tanulmányok/Képfeldolgozás alap algoritmusai/Féléves feladat/guitar-chord-recognition/data/augmented/D/1762212433134_aug0010.jpg,1784.5,augmented
train,D,1762212433109_aug0011.jpg,/data/Tanulmányok/Képfeldolgozás alap algoritmusai/Féléves feladat/guitar-chord-recognition/data/augmented/D/1762212433109_aug0011.jpg,4470.21,augmented
train,D,IMG_20251102_023952_aug0012.jpg,/data/Tanulmányok/Képfeldolgozás alap algoritmusai/Féléves feladat/guitar-chord-recognition/data/augmented/D/IMG_20251102_023952_aug0012.jpg,2010.02,augmented
train,D,1762212432879_aug0013.jpg,/data/Tanulmányok/Képfeldolgozás alap algoritmusai/Féléves feladat/guitar-chord-recognition/data/augmented/D/1762212432879_aug0013.jpg,4364.98,augmented
train,D,1762212433193_aug0014.jpg,/data/Tanulmányok/Képfeldolgozás alap algoritmusai/Féléves feladat/guitar-chord-recognition/data/augmented/D/1762212433193_aug0014.jpg,7924.86,augmented
train,D,IMG_20251102_023953_aug0015.jpg,/data/Tanulmányok/Képfeldolgozás alap algoritmusai/Féléves feladat/guitar-chord-recognition/data/augmented/D/IMG_20251102_023953_aug0015.jpg,2782.5,augmented
train,D,1762212432956_aug0016.jpg,/data/Tanulmányok/Képfeldolgozás alap algoritmusai/Féléves feladat/guitar-chord-recognition/data/augmented/D/1762212432956_aug0016.jpg,1776.15,augmented
train,D,1762212432833_aug0017.jpg,/data/Tanulmányok/Képfeldolgozás alap algoritmusai/Féléves feladat/guitar-chord-recognition/data/augmented/D/1762212432833_aug0017.jpg,3571.56,augmented
train,D,1762212433050_aug0018.jpg,/data/Tanulmányok/Képfeldolgozás alap algoritmusai/Féléves feladat/guitar-chord-recognition/data/augmented/D/1762212433050_aug0018.jpg,2156.41,augmented
train,E,1762212478036_aug0000.jpg,/data/Tanulmányok/Képfeldolgozás alap algoritmusai/Féléves feladat/guitar-chord-recognition/data/augmented/E/1762212478036_aug0000.jpg,1695.19,augmented
train,E,1762212477674_aug0001.jpg,/data/Tanulmányok/Képfeldolgozás alap algoritmusai/Féléves feladat/guitar-chord-recognition/data/augmented/E/1762212477674_aug0001.jpg,2595.07,augmented
train,E,1762212477691_aug0002.jpg,/data/Tanulmányok/Képfeldolgozás alap algoritmusai/Féléves feladat/guitar-chord-recognition/data/augmented/E/1762212477691_aug0002.jpg,3540.64,augmented
train,E,1762212477632_aug0003.jpg,/data/Tanulmányok/Képfeldolgozás alap algoritmusai/Féléves feladat/guitar-chord-recognition/data/augmented/E/1762212477632_aug0003.jpg,1614.37,augmented
train,E,1762212477965_aug0004.jpg,/data/Tanulmányok/Képfeldolgozás alap algoritmusai/Féléves feladat/guitar-chord-recognition/data/augmented/E/1762212477965_aug0004.jpg,5004.05,augmented
train,E,1762212477764_aug0005.jpg,/data/Tanulmányok/Képfeldolgozás alap algoritmusai/Féléves feladat/guitar-chord-recognition/data/augmented/E/1762212477764_aug0005.jpg,3049.85,augmented
train,E,IMG_20251102_023651_aug0006.jpg,/data/Tanulmányok/Képfeldolgozás alap algoritmusai/Féléves feladat/guitar-chord-recognition/data/augmented/E/IMG_20251102_023651_aug0006.jpg,5106.33,augmented
train,E,1762212477871_aug0007.jpg,/data/Tanulmányok/Képfeldolgozás alap algoritmusai/Féléves feladat/guitar-chord-recognition/data/augmented/E/1762212477871_aug0007.jpg,1500.05,augmented
train,E,1762212477948_aug0008.jpg,/data/Tanulmányok/Képfeldolgozás alap algoritmusai/Féléves feladat/guitar-chord-recognition/data/augmented/E/1762212477948_aug0008.jpg,2948.49,augmented
train,E,1762212478017_aug0009.jpg,/data/Tanulmányok/Képfeldolgozás alap algoritmusai/Féléves feladat/guitar-chord-recognition/data/augmented/E/1762212478017_aug0009.jpg,1528.3,augmented
train,E,IMG_20251102_023654_aug0010.jpg,/data/Tanulmányok/Képfeldolgozás alap algoritmusai/Féléves feladat/guitar-chord-recognition/data/augmented/E/IMG_20251102_023654_aug0010.jpg,6908.59,augmented
train,E,1762212477661_aug0011.jpg,/data/Tanulmányok/Képfeldolgozás alap algoritmusai/Féléves feladat/guitar-chord-recognition/data/augmented/E/1762212477661_aug0011.jpg,6727.73,augmented
train,E,1762212477909_aug0012.jpg,/data/Tanulmányok/Képfeldolgozás alap algoritmusai/Féléves feladat/guitar-chord-recognition/data/augmented/E/1762212477909_aug0012.jpg,1600.71,augmented
train,E,IMG_20251102_023702_aug0013.jpg,/data/Tanulmányok/Képfeldolgozás alap algoritmusai/Féléves feladat/guitar-chord-recognition/data/augmented/E/IMG_20251102_023702_aug0013.jpg,1564.11,augmented
train,E,1762212477745_aug0014.jpg,/data/Tanulmányok/Képfeldolgozás alap algoritmusai/Féléves feladat/guitar-chord-recognition/data/augmented/E/1762212477745_aug0014.jpg,4035.74,augmented
train,E,1762212477827_aug0015.jpg,/data/Tanulmányok/Képfeldolgozás alap algoritmusai/Féléves feladat/guitar-chord-recognition/data/augmented/E/1762212477827_aug0015.jpg,1871.49,augmented
train,E,IMG_20251102_023756_aug0016.jpg,/data/Tanulmányok/Képfeldolgozás alap algoritmusai/Féléves feladat/guitar-chord-recognition/data/augmented/E/IMG_20251102_023756_aug0016.jpg,3978.23,augmented
train,E,1762212477782_aug0017.jpg,/data/Tanulmányok/Képfeldolgozás alap algoritmusai/Féléves feladat/guitar-chord-recognition/data/augmented/E/1762212477782_aug0017.jpg,6397.54,augmented
train,E,1762212477984_aug0018.jpg,/data/Tanulmányok/Képfeldolgozás alap algoritmusai/Féléves feladat/guitar-chord-recognition/data/augmented/E/1762212477984_aug0018.jpg,1667.17,augmented
train,E,1762212477928_aug0019.jpg,/data/Tanulmányok/Képfeldolgozás alap algoritmusai/Féléves feladat/guitar-chord-recognition/data/augmented/E/1762212477928_aug0019.jpg,8060.88,augmented
train,E,1762212477844_aug0020.jpg,/data/Tanulmányok/Képfeldolgozás alap algoritmusai/Féléves feladat/guitar-chord-recognition/data/augmented/E/1762212477844_aug0020.jpg,1528.7,augmented
train,E,IMG_20251102_023707_aug0021.jpg,/data/Tanulmányok/Képfeldolgozás alap algoritmusai/Féléves feladat/guitar-chord-recognition/data/augmented/E/IMG_20251102_023707_aug0021.jpg,4442.41,augmented
train,E,1762212478036_aug0022.jpg,/data/Tanulmányok/Képfeldolgozás alap algoritmusai/Féléves feladat/guitar-chord-recognition/data/augmented/E/1762212478036_aug0022.jpg,1831.19,augmented
train,E,1762212477674_aug0023.jpg,/data/Tanulmányok/Képfeldolgozás alap algoritmusai/Féléves feladat/guitar-chord-recognition/data/augmented/E/1762212477674_aug0023.jpg,1255.39,augmented
train,E,1762212477691_aug0024.jpg,/data/Tanulmányok/Képfeldolgozás alap algoritmusai/Féléves feladat/guitar-chord-recognition/data/augmented/E/1762212477691_aug0024.jpg,4887.32,augmented
train,E,1762212477632_aug0025.jpg,/data/Tanulmányok/Képfeldolgozás alap algoritmusai/Féléves feladat/guitar-chord-recognition/data/augmented/E/1762212477632_aug0025.jpg,1658.4,augmented
train,E,1762212477965_aug0026.jpg,/data/Tanulmányok/Képfeldolgozás alap algoritmusai/Féléves feladat/guitar-chord-recognition/data/augmented/E/1762212477965_aug0026.jpg,8153.97,augmented
train,E,1762212477764_aug0027.jpg,/data/Tanulmányok/Képfeldolgozás alap algoritmusai/Féléves feladat/guitar-chord-recognition/data/augmented/E/1762212477764_aug0027.jpg,5474.65,augmented
train,F,IMG_20251102_023915_aug0000.jpg,/data/Tanulmányok/Képfeldolgozás alap algoritmusai/Féléves feladat/guitar-chord-recognition/data/augmented/F/IMG_20251102_023915_aug0000.jpg,7607.26,augmented
train,F,IMG_20251102_023920_aug0001.jpg,/data/Tanulmányok/Képfeldolgozás alap algoritmusai/Féléves feladat/guitar-chord-recognition/data/augmented/F/IMG_20251102_023920_aug0001.jpg,2451.13,augmented
train,F,1762212513914_aug0002.jpg,/data/Tanulmányok/Képfeldolgozás alap algoritmusai/Féléves feladat/guitar-chord-recognition/data/augmented/F/1762212513914_aug0002.jpg,1730.52,augmented
train,F,IMG_20251102_023932_1_aug0003.jpg,/data/Tanulmányok/Képfeldolgozás alap algoritmusai/Féléves feladat/guitar-chord-recognition/data/augmented/F/IMG_20251102_023932_1_aug0003.jpg,4066.02,augmented
train,F,1762212513684_aug0004.jpg,/data/Tanulmányok/Képfeldolgozás alap algoritmusai/Féléves feladat/guitar-chord-recognition/data/augmented/F/1762212513684_aug0004.jpg,4606.93,augmented
train,F,1762212513965_aug0005.jpg,/data/Tanulmányok/Képfeldolgozás alap algoritmusai/Féléves feladat/guitar-chord-recognition/data/augmented/F/1762212513965_aug0005.jpg,1533.27,augmented
train,F,IMG_20251102_023912_aug0006.jpg,/data/Tanulmányok/Képfeldolgozás alap algoritmusai/Féléves feladat/guitar-chord-recognition/data/augmented/F/IMG_20251102_023912_aug0006.jpg,4794.03,augmented
train,F,1762212513639_aug0007.jpg,/data/Tanulmányok/Képfeldolgozás alap algoritmusai/Féléves feladat/guitar-chord-recognition/data/augmented/F/1762212513639_aug0007.jpg,1556.63,augmented
train,F,IMG_20251102_023932_aug0008.jpg,/data/Tanulmányok/Képfeldolgozás alap algoritmusai/Féléves feladat/guitar-chord-recognition/data/augmented/F/IMG_20251102_023932_aug0008.jpg,3065.3,augmented
train,F,IMG_20251102_023921_aug0009.jpg,/data/Tanulmányok/Képfeldolgozás alap algoritmusai/Féléves feladat/guitar-chord-recognition/data/augmented/F/IMG_20251102_023921_aug0009.jpg,5990.46,augmented
train,F,IMG_20251102_023929_aug0010.jpg,/data/Tanulmányok/Képfeldolgozás alap algoritmusai/Féléves feladat/guitar-chord-recognition/data/augmented/F/IMG_20251102_023929_aug0010.jpg,1476.5,augmented
train,F,IMG_20251102_023913_aug0011.jpg,/data/Tanulmányok/Képfeldolgozás alap algoritmusai/Féléves feladat/guitar-chord-recognition/data/augmented/F/IMG_20251102_023913_aug0011.jpg,1329.49,augmented
train,F,1762212513510_aug0012.jpg,/data/Tanulmányok/Képfeldolgozás alap algoritmusai/Féléves feladat/guitar-chord-recognition/data/augmented/F/1762212513510_aug0012.jpg,1774.32,augmented
train,F,IMG_20251102_023931_aug0013.jpg,/data/Tanulmányok/Képfeldolgozás alap algoritmusai/Féléves feladat/guitar-chord-recognition/data/augmented/F/IMG_20251102_023931_aug0013.jpg,3397.25,augmented
train,F,1762212513833_aug0014.jpg,/data/Tanulmányok/Képfeldolgozás alap algoritmusai/Féléves feladat/guitar-chord-recognition/data/augmented/F/1762212513833_aug0014.jpg,1732.38,augmented
train,F,IMG_20251102_023918_aug0015.jpg,/data/Tanulmányok/Képfeldolgozás alap algoritmusai/Féléves feladat/guitar-chord-recognition/data/augmented/F/IMG_20251102_023918_aug0015.jpg,1534.51,augmented
train,G,1762212558011_aug0000.jpg,/data/Tanulmányok/Képfeldolgozás alap algoritmusai/Féléves feladat/guitar-chord-recognition/data/augmented/G/1762212558011_aug0000.jpg,1797.06,augmented
train,G,1762212558165_aug0001.jpg,/data/Tanulmányok/Képfeldolgozás alap algoritmusai/Féléves feladat/guitar-chord-recognition/data/augmented/G/1762212558165_aug0001.jpg,3838.48,augmented
train,G,1762212557924_aug0002.jpg,/data/Tanulmányok/Képfeldolgozás alap algoritmusai/Féléves feladat/guitar-chord-recognition/data/augmented/G/1762212557924_aug0002.jpg,3716.28,augmented
train,G,1762212557984_aug0003.jpg,/data/Tanulmányok/Képfeldolgozás alap algoritmusai/Féléves feladat/guitar-chord-recognition/data/augmented/G/1762212557984_aug0003.jpg,3782.34,augmented
train,G,1762212558149_aug0004.jpg,/data/Tanulmányok/Képfeldolgozás alap algoritmusai/Féléves feladat/guitar-chord-recognition/data/augmented/G/1762212558149_aug0004.jpg,1946.0,augmented
train,G,1762212558182_aug0005.jpg,/data/Tanulmányok/Képfeldolgozás alap algoritmusai/Féléves feladat/guitar-chord-recognition/data/augmented/G/1762212558182_aug0005.jpg,3285.9,augmented
train,G,1762212558114_aug0006.jpg,/data/Tanulmányok/Képfeldolgozás alap algoritmusai/Féléves feladat/guitar-chord-recognition/data/augmented/G/1762212558114_aug0006.jpg,3870.49,augmented
train,G,1762212557942_aug0007.jpg,/data/Tanulmányok/Képfeldolgozás alap algoritmusai/Féléves feladat/guitar-chord-recognition/data/augmented/G/1762212557942_aug0007.jpg,5527.43,augmented
train,G,1762212558132_aug0008.jpg,/data/Tanulmányok/Képfeldolgozás alap algoritmusai/Féléves feladat/guitar-chord-recognition/data/augmented/G/1762212558132_aug0008.jpg,1630.8,augmented
train,G,1762212557881_aug0009.jpg,/data/Tanulmányok/Képfeldolgozás alap algoritmusai/Féléves feladat/guitar-chord-recognition/data/augmented/G/1762212557881_aug0009.jpg,2698.17,augmented
train,G,_storage_emulated_0_Android_data_com.miui.gallery_cache_SecurityShare_1762212557598_aug0010.jpg,/data/Tanulmányok/Képfeldolgozás alap algoritmusai/Féléves feladat/guitar-chord-recognition/data/augmented/G/_storage_emulated_0_Android_data_com.miui.gallery_cache_SecurityShare_1762212557598_aug0010.jpg,2659.5,augmented
train,G,1762212557635_aug0011.jpg,/data/Tanulmányok/Képfeldolgozás alap algoritmusai/Féléves feladat/guitar-chord-recognition/data/augmented/G/1762212557635_aug0011.jpg,7135.48,augmented
train,G,1762212557956_aug0012.jpg,/data/Tanulmányok/Képfeldolgozás alap algoritmusai/Féléves feladat/guitar-chord-recognition/data/augmented/G/1762212557956_aug0012.jpg,4465.18,augmented
train,G,1762212557906_aug0013.jpg,/data/Tanulmányok/Képfeldolgozás alap algoritmusai/Féléves feladat/guitar-chord-recognition/data/augmented/G/1762212557906_aug0013.jpg,1566.9,augmented
train,G,1762212558090_aug0014.jpg,/data/Tanulmányok/Képfeldolgozás alap algoritmusai/Féléves feladat/guitar-chord-recognition/data/augmented/G/1762212558090_aug0014.jpg,5318.9,augmented
train,G,1762212558011_aug0015.jpg,/data/Tanulmányok/Képfeldolgozás alap algoritmusai/Féléves feladat/guitar-chord-recognition/data/augmented/G/1762212558011_aug0015.jpg,5879.15,augmented
train,G,1762212558165_aug0016.jpg,/data/Tanulmányok/Képfeldolgozás alap algoritmusai/Féléves feladat/guitar-chord-recognition/data/augmented/G/1762212558165_aug0016.jpg,1321.82,augmented
train,G,1762212557924_aug0017.jpg,/data/Tanulmányok/Képfeldolgozás alap algoritmusai/Féléves feladat/guitar-chord-recognition/data/augmented/G/1762212557924_aug0017.jpg,1820.53,augmented
train,G,1762212557984_aug0018.jpg,/data/Tanulmányok/Képfeldolgozás alap algoritmusai/Féléves feladat/guitar-chord-recognition/data/augmented/G/1762212557984_aug0018.jpg,2986.29,augmented
train,G,1762212558149_aug0019.jpg,/data/Tanulmányok/Képfeldolgozás alap algoritmusai/Féléves feladat/guitar-chord-recognition/data/augmented/G/1762212558149_aug0019.jpg,4655.89,augmented
train,G,1762212558182_aug0020.jpg,/data/Tanulmányok/Képfeldolgozás alap algoritmusai/Féléves feladat/guitar-chord-recognition/data/augmented/G/1762212558182_aug0020.jpg,6547.56,augmented
train,G,1762212558114_aug0021.jpg,/data/Tanulmányok/Képfeldolgozás alap algoritmusai/Féléves feladat/guitar-chord-recognition/data/augmented/G/1762212558114_aug0021.jpg,5173.97,augmented
train,G,1762212557942_aug0022.jpg,/data/Tanulmányok/Képfeldolgozás alap algoritmusai/Féléves feladat/guitar-chord-recognition/data/augmented/G/1762212557942_aug0022.jpg,8222.66,augmented
train,G,1762212558132_aug0023.jpg,/data/Tanulmányok/Képfeldolgozás alap algoritmusai/Féléves feladat/guitar-chord-recognition/data/augmented/G/1762212558132_aug0023.jpg,3496.72,augmented
train,G,1762212557881_aug0024.jpg,/data/Tanulmányok/Képfeldolgozás alap algoritmusai/Féléves feladat/guitar-chord-recognition/data/augmented/G/1762212557881_aug0024.jpg,6680.35,augmented
train,G,_storage_emulated_0_Android_data_com.miui.gallery_cache_SecurityShare_1762212557598_aug0025.jpg,/data/Tanulmányok/Képfeldolgozás alap algoritmusai/Féléves feladat/guitar-chord-recognition/data/augmented/G/_storage_emulated_0_Android_data_com.miui.gallery_cache_SecurityShare_1762212557598_aug0025.jpg,1938.71,augmented
train,G,1762212557635_aug0026.jpg,/data/Tanulmányok/Képfeldolgozás alap algoritmusai/Féléves feladat/guitar-chord-recognition/data/augmented/G/1762212557635_aug0026.jpg,4534.54,augmented
train,G,1762212557956_aug0027.jpg,/data/Tanulmányok/Képfeldolgozás alap algoritmusai/Féléves feladat/guitar-chord-recognition/data/augmented/G/1762212557956_aug0027.jpg,1341.08,augmented
train,G,1762212557906_aug0028.jpg,/data/Tanulmányok/Képfeldolgozás alap algoritmusai/Féléves feladat/guitar-chord-recognition/data/augmented/G/1762212557906_aug0028.jpg,2004.34,augmented
train,G,1762212558090_aug0029.jpg,/data/Tanulmányok/Képfeldolgozás alap algoritmusai/Féléves feladat/guitar-chord-recognition/data/augmented/G/1762212558090_aug0029.jpg,6862.39,augmented
train,G,1762212558011_aug0030.jpg,/data/Tanulmányok/Képfeldolgozás alap algoritmusai/Féléves feladat/guitar-chord-recognition/data/augmented/G/1762212558011_aug0030.jpg,3459.55,augmented
train,G,1762212558165_aug0031.jpg,/data/Tanulmányok/Képfeldolgozás alap algoritmusai/Féléves feladat/guitar-chord-recognition/data/augmented/G/1762212558165_aug0031.jpg,1721.3,augmented
train,G,1762212557924_aug0032.jpg,/data/Tanulmányok/Képfeldolgozás alap algoritmusai/Féléves feladat/guitar-chord-recognition/data/augmented/G/1762212557924_aug0032.jpg,3436.67,augmented
train,G,1762212557984_aug0033.jpg,/data/Tanulmányok/Képfeldolgozás alap algoritmusai/Féléves feladat/guitar-chord-recognition/data/augmented/G/1762212557984_aug0033.jpg,1557.86,augmented
train,G,1762212558149_aug0034.jpg,/data/Tanulmányok/Képfeldolgozás alap algoritmusai/Féléves feladat/guitar-chord-recognition/data/augmented/G/1762212558149_aug0034.jpg,1385.04,augmented
train,No hand,IMG_20251102_023828_1_aug0000.jpg,/data/Tanulmányok/Képfeldolgozás alap algoritmusai/Féléves feladat/guitar-chord-recognition/data/augmented/No hand/IMG_20251102_023828_1_aug0000.jpg,1284.66,augmented
train,No hand,IMG_20251102_023812_aug0001.jpg,/data/Tanulmányok/Képfeldolgozás alap algoritmusai/Féléves feladat/guitar-chord-recognition/data/augmented/No hand/IMG_20251102_023812_aug0001.jpg,4025.71,augmented
train,No hand,IMG_20251102_023828_aug0002.jpg,/data/Tanulmányok/Képfeldolgozás alap algoritmusai/Féléves feladat/guitar-chord-recognition/data/augmented/No hand/IMG_20251102_023828_aug0002.jpg,5990.87,augmented
train,No hand,IMG_20251102_023813_aug0003.jpg,/data/Tanulmányok/Képfeldolgozás alap algoritmusai/Féléves feladat/guitar-chord-recognition/data/augmented/No hand/IMG_20251102_023813_aug0003.jpg,8971.18,augmented
train,No hand,IMG_20251102_023816_aug0004.jpg,/data/Tanulmányok/Képfeldolgozás alap algoritmusai/Féléves feladat/guitar-chord-recognition/data/augmented/No hand/IMG_20251102_023816_aug0004.jpg,1700.28,augmented
train,No hand,IMG_20251102_023815_aug0005.jpg,/data/Tanulmányok/Képfeldolgozás alap algoritmusai/Féléves feladat/guitar-chord-recognition/data/augmented/No hand/IMG_20251102_023815_aug0005.jpg,6070.49,augmented
train,No hand,IMG_20251102_023829_aug0006.jpg,/data/Tanulmányok/Képfeldolgozás alap algoritmusai/Féléves feladat/guitar-chord-recognition/data/augmented/No hand/IMG_20251102_023829_aug0006.jpg,1512.06,augmented
train,No hand,IMG_20251102_023835_aug0007.jpg,/data/Tanulmányok/Képfeldolgozás alap algoritmusai/Féléves feladat/guitar-chord-recognition/data/augmented/No hand/IMG_20251102_023835_aug0007.jpg,2419.51,augmented
train,No hand,IMG_20251102_023834_1_aug0008.jpg,/data/Tanulmányok/Képfeldolgozás alap algoritmusai/Féléves feladat/guitar-chord-recognition/data/augmented/No hand/IMG_20251102_023834_1_aug0008.jpg,2675.14,augmented
train,No hand,IMG_20251102_023830_aug0009.jpg,/data/Tanulmányok/Képfeldolgozás alap algoritmusai/Féléves feladat/guitar-chord-recognition/data/augmented/No hand/IMG_20251102_023830_aug0009.jpg,2044.89,augmented
train,No hand,IMG_20251102_023828_1_aug0010.jpg,/data/Tanulmányok/Képfeldolgozás alap algoritmusai/Féléves feladat/guitar-chord-recognition/data/augmented/No hand/IMG_20251102_023828_1_aug0010.jpg,7140.59,augmented
train,No hand,IMG_20251102_023812_aug0011.jpg,/data/Tanulmányok/Képfeldolgozás alap algoritmusai/Féléves feladat/guitar-chord-recognition/data/augmented/No hand/IMG_20251102_023812_aug0011.jpg,1688.58,augmented
train,No hand,IMG_20251102_023828_aug0012.jpg,/data/Tanulmányok/Képfeldolgozás alap algoritmusai/Féléves feladat/guitar-chord-recognition/data/augmented/No hand/IMG_20251102_023828_aug0012.jpg,4432.11,augmented
train,No hand,IMG_20251102_023813_aug0013.jpg,/data/Tanulmányok/Képfeldolgozás alap algoritmusai/Féléves feladat/guitar-chord-recognition/data/augmented/No hand/IMG_20251102_023813_aug0013.jpg,8371.15,augmented
train,No hand,IMG_20251102_023816_aug0014.jpg,/data/Tanulmányok/Képfeldolgozás alap algoritmusai/Féléves feladat/guitar-chord-recognition/data/augmented/No hand/IMG_20251102_023816_aug0014.jpg,3673.71,augmented
train,No hand,IMG_20251102_023815_aug0015.jpg,/data/Tanulmányok/Képfeldolgozás alap algoritmusai/Féléves feladat/guitar-chord-recognition/data/augmented/No hand/IMG_20251102_023815_aug0015.jpg,1735.18,augmented
train,No hand,IMG_20251102_023829_aug0016.jpg,/data/Tanulmányok/Képfeldolgozás alap algoritmusai/Féléves feladat/guitar-chord-recognition/data/augmented/No hand/IMG_20251102_023829_aug0016.jpg,1718.01,augmented
train,No hand,IMG_20251102_023835_aug0017.jpg,/data/Tanulmányok/Képfeldolgozás alap algoritmusai/Féléves feladat/guitar-chord-recognition/data/augmented/No hand/IMG_20251102_023835_aug0017.jpg,3772.29,augmented
train,No hand,IMG_20251102_023834_1_aug0018.jpg,/data/Tanulmányok/Képfeldolgozás alap algoritmusai/Féléves feladat/guitar-chord-recognition/data/augmented/No hand/IMG_20251102_023834_1_aug0018.jpg,3770.49,augmented
train,No hand,IMG_20251102_023830_aug0019.jpg,/data/Tanulmányok/Képfeldolgozás alap algoritmusai/Féléves feladat/guitar-chord-recognition/data/augmented/No hand/IMG_20251102_023830_aug0019.jpg,2146.25,augmented
train,No hand,IMG_20251102_023828_1_aug0020.jpg,/data/Tanulmányok/Képfeldolgozás alap algoritmusai/Féléves feladat/guitar-chord-recognition/data/augmented/No hand/IMG_20251102_023828_1_aug0020.jpg,1627.74,augmented
train,No hand,IMG_20251102_023812_aug0021.jpg,/data/Tanulmányok/Képfeldolgozás alap algoritmusai/Féléves feladat/guitar-chord-recognition/data/augmented/No hand/IMG_20251102_023812_aug0021.jpg,1682.6,augmented
train,No hand,IMG_20251102_023828_aug0022.jpg,/data/Tanulmányok/Képfeldolgozás alap algoritmusai/Féléves feladat/guitar-chord-recognition/data/augmented/No hand/IMG_20251102_023828_aug0022.jpg,4236.89,augmented
train,No hand,IMG_20251102_023813_aug0023.jpg,/data/Tanulmányok/Képfeldolgozás alap algoritmusai/Féléves feladat/guitar-chord-recognition/data/augmented/No hand/IMG_20251102_023813_aug0023.jpg,2060.99,augmented
train,No hand,IMG_20251102_023816_aug0024.jpg,/data/Tanulmányok/Képfeldolgozás alap algoritmusai/Féléves feladat/guitar-chord-recognition/data/augmented/No hand/IMG_20251102_023816_aug0024.jpg,2671.58,augmented
train,No hand,IMG_20251102_023815_aug0025.jpg,/data/Tanulmányok/Képfeldolgozás alap algoritmusai/Féléves feladat/guitar-chord-recognition/data/augmented/No hand/IMG_20251102_023815_aug0025.jpg,1517.58,augmented
train,No hand,IMG_20251102_023829_aug0026.jpg,/data/Tanulmányok/Képfeldolgozás alap algoritmusai/Féléves feladat/guitar-chord-recognition/data/augmented/No hand/IMG_20251102_023829_aug0026.jpg,3401.65,augmented
train,No hand,IMG_20251102_023835_aug0027.jpg,/data/Tanulmányok/Képfeldolgozás alap algoritmusai/Féléves feladat/guitar-chord-recognition/data/augmented/No hand/IMG_20251102_023835_aug0027.jpg,3677.97,augmented
train,No hand,IMG_20251102_023834_1_aug0028.jpg,/data/Tanulmányok/Képfeldolgozás alap algoritmusai/Féléves feladat/guitar-chord-recognition/data/augmented/No hand/IMG_20251102_023834_1_aug0028.jpg,4538.98,augmented
train,No hand,IMG_20251102_023830_aug0029.jpg,/data/Tanulmányok/Képfeldolgozás alap algoritmusai/Féléves feladat/guitar-chord-recognition/data/augmented/No hand/IMG_20251102_023830_aug0029.jpg,3782.0,augmented
train,No hand,IMG_20251102_023828_1_aug0030.jpg,/data/Tanulmányok/Képfeldolgozás alap algoritmusai/Féléves feladat/guitar-chord-recognition/data/augmented/No hand/IMG_20251102_023828_1_aug0030.jpg,4414.01,augmented
train,No hand,IMG_20251102_023812_aug0031.jpg,/data/Tanulmányok/Képfeldolgozás alap algoritmusai/Féléves feladat/guitar-chord-recognition/data/augmented/No hand/IMG_20251102_023812_aug0031.jpg,2006.66,augmented
train,No hand,IMG_20251102_023828_aug0032.jpg,/data/Tanulmányok/Képfeldolgozás alap algoritmusai/Féléves feladat/guitar-chord-recognition/data/augmented/No hand/IMG_20251102_023828_aug0032.jpg,2353.49,augmented
train,No hand,IMG_20251102_023813_aug0033.jpg,/data/Tanulmányok/Képfeldolgozás alap algoritmusai/Féléves feladat/guitar-chord-recognition/data/augmented/No hand/IMG_20251102_023813_aug0033.jpg,6830.53,augmented
train,No hand,IMG_20251102_023816_aug0034.jpg,/data/Tanulmányok/Képfeldolgozás alap algoritmusai/Féléves feladat/guitar-chord-recognition/data/augmented/No hand/IMG_20251102_023816_aug0034.jpg,2719.98,augmented
train,No hand,IMG_20251102_023815_aug0035.jpg,/data/Tanulmányok/Képfeldolgozás alap algoritmusai/Féléves feladat/guitar-chord-recognition/data/augmented/No hand/IMG_20251102_023815_aug0035.jpg,4703.75,augmented
train,No hand,IMG_20251102_023829_aug0036.jpg,/data/Tanulmányok/Képfeldolgozás alap algoritmusai/Féléves feladat/guitar-chord-recognition/data/augmented/No hand/IMG_20251102_023829_aug0036.jpg,5757.64,augmented
train,No hand,IMG_20251102_023835_aug0037.jpg,/data/Tanulmányok/Képfeldolgozás alap algoritmusai/Féléves feladat/guitar-chord-recognition/data/augmented/No hand/IMG_20251102_023835_aug0037.jpg,6847.94,augmented
train,No hand,IMG_20251102_023834_1_aug0038.jpg,/data/Tanulmányok/Képfeldolgozás alap algoritmusai/Féléves feladat/guitar-chord-recognition/data/augmented/No hand/IMG_20251102_023834_1_aug0038.jpg,2173.76,augmented
train,No hand,IMG_20251102_023830_aug0039.jpg,/data/Tanulmányok/Képfeldolgozás alap algoritmusai/Féléves feladat/guitar-chord-recognition/data/augmented/No hand/IMG_20251102_023830_aug0039.jpg,1564.05,augmented
